date,temp_max,temp_min,temp_mean,rh_mean,wind_max_kmh,wind_mean_kmh,wind_dir_deg,wind_run_km,rain_mm,et_mm,rain_rate_max_mmhr,pressure_mean_hpa,solar_rad_avg,solar_rad_hi,solar_energy_ly,dew_point_c,wet_bulb_c,heat_index_c,wind_chill_c,thsw_index_c,delta_t_mean,uv_max,uv_index_avg,uv_dose,emc,air_density_kgm3,night_cloud_cover,iss_reception,gdd_bent,gdd_kik,gdd_bent_7d,gdd_kik_7d,leaf_wet_hours,dollar_spot_pct,dollar_spot_risk,fusarium_score,fusarium_risk,brown_patch_risk,pythium_risk,soil_balance_7d,soil_zone,spray_go_hours,spray_caution_hours,spray_nogo_hours,rain_day,frost_flag,disease_alert,fog_forecast,lightning_forecast
2025-09-01,16.7,1.9,7.8,82.4,4.8,2.2,1,14.5,0.0,1.68,,1024.6,272.1,939.0,265.34,4.7,6.2,7.6,1.9,23.2,1.6,5.4,,,8.7,,0.19,,0,0,0,0,2,0.0,LOW,4,MODERATE,LOW,LOW,1.7,Optimal,6,0,18,False,True,False,False,False
2025-09-02,15.7,0.7,7.3,79.9,4.8,2.3,1,13.8,0.2,1.65,,1023.5,275.7,933.0,270.85,3.7,5.5,7.0,0.7,21.6,1.8,5.45,,,8.7,,0.14,,0,0,0.0,0.0,1,0.0,LOW,4,MODERATE,LOW,LOW,3.1,Optimal,6,0,18,False,True,False,False,False
2025-09-03,20.8,1.2,10.4,71.2,11.3,3.9,0,33.8,0.0,2.24,,1019.4,300.4,854.0,295.08,4.6,7.3,9.9,1.2,26.0,3.1,5.55,,,8.4,,0.1,,1.0,0,1.0,0.0,2,0.0,LOW,2,LOW-MOD,LOW,LOW,5.4,Optimal,8,0,16,False,True,False,False,False
2025-09-04,18.2,4.9,10.5,75.1,6.4,3.0,1,21.5,0.0,1.96,,1019.0,282.7,795.0,281.81,5.8,8.0,10.1,4.9,24.3,2.5,5.3,,,8.5,,0.14,,1.6,0,2.6,0.0,0,0.0,LOW,2,LOW-MOD,LOW,LOW,7.3,Optimal,6,0,18,False,False,False,False,False
2025-09-05,16.7,1.0,8.3,72.0,4.8,2.7,1,21.5,0.0,2.46,,1026.0,383.6,714.0,382.37,2.6,5.6,7.8,1.0,20.7,2.7,5.65,,,8.3,,0.01,,0,0,2.6,0.0,1,0.0,LOW,2,LOW-MOD,LOW,LOW,9.8,Optimal,7,0,17,False,True,False,False,False
2025-09-06,21.2,4.0,13.1,71.6,8.0,4.9,0,53.1,0.0,2.79,,1026.4,374.5,668.0,370.53,7.7,10.1,12.8,4.0,25.7,3.0,5.75,,,8.3,,0.02,,2.6,0,5.2,0.0,0,0.0,LOW,0,LOW,LOW,LOW,12.6,Dry,10,0,14,False,False,False,False,False
2025-09-07,20.2,7.9,14.9,76.7,11.3,4.9,0,52.0,0.4,1.45,2.2,1020.6,174.9,726.0,174.32,10.6,12.4,14.8,7.9,25.2,2.5,4.15,,,8.8,,0.44,,4.1,0,9.3,0.0,2,6.5,LOW,2,LOW-MOD,LOW,LOW,13.6,Dry,10,0,14,True,False,False,False,False
2025-09-08,24.3,10.4,17.8,67.3,8.0,3.6,0,47.5,0.8,2.95,44.0,1015.4,371.5,773.0,370.31,11.2,13.9,17.5,10.4,30.6,3.9,5.9,,,9.0,,0.28,,7.4,2.4,16.7,2.4,1,7.4,LOW,1,LOW-MOD,LOW,LOW,15.8,Dry,11,1,12,True,False,False,False,False
2025-09-09,21.4,6.2,12.9,74.6,6.4,2.5,0,17.2,0.0,2.34,,1014.2,344.0,886.0,345.29,7.9,10.1,12.6,6.2,26.5,2.8,5.55,,,8.7,,0.09,,3.8,0,20.5,2.4,4,8.4,LOW,3,LOW-MOD,LOW,LOW,16.4,Dry,7,0,17,False,False,False,False,False
2025-09-10,14.4,6.6,10.5,88.2,9.7,3.5,0,35.8,49.2,0.53,61.6,1004.7,78.7,540.0,73.37,8.6,9.5,10.6,6.6,19.0,1.0,3.45,,,8.9,,0.54,,0.5,0,21.0,2.4,13,10.0,LOW,8,HIGH,LOW,LOW,-33.7,Waterlogged,1,0,23,True,False,True,False,False
2025-09-11,17.9,7.3,12.0,74.9,4.8,2.1,1,17.3,0.2,2.26,,1013.9,336.3,942.0,340.02,7.4,9.5,11.7,7.3,23.6,2.5,5.7,,,8.8,,0.52,,2.6,0,22.6,2.4,2,11.6,LOW,3,LOW-MOD,LOW,LOW,-33.9,Waterlogged,7,0,17,False,False,False,False,False
2025-09-12,17.1,2.9,9.6,78.3,6.4,2.7,1,24.3,0.0,2.34,,1023.5,381.2,944.0,388.18,5.7,7.5,9.3,2.9,23.4,2.1,6.05,,,8.7,,0.24,,0,0,21.0,2.4,0,11.4,LOW,4,MODERATE,LOW,LOW,-33.5,Waterlogged,9,0,15,False,False,False,False,False
2025-09-13,19.9,2.2,10.1,80.4,4.8,2.5,0,18.8,0.2,2.39,,1026.1,371.9,798.0,378.61,6.5,8.1,9.9,2.2,26.2,2.0,6.0,,,8.7,,0.03,,1.0,0,22.0,2.4,3,10.5,LOW,6,MODERATE,LOW,LOW,-33.8,Waterlogged,7,0,17,False,False,False,False,False
2025-09-14,19.6,3.2,10.7,79.0,4.8,2.4,0,17.4,0.0,1.98,,1023.5,276.9,879.0,283.94,6.7,8.5,10.4,3.2,26.0,2.2,6.05,,,8.4,,0.17,,1.4,0,20.8,2.4,2,10.0,LOW,5,MODERATE,LOW,LOW,-34.6,Waterlogged,6,0,18,False,False,False,False,False
2025-09-15,22.9,3.8,13.5,71.6,8.0,4.5,0,46.1,0.2,3.2,,1017.9,399.9,689.0,407.17,7.6,10.1,13.1,3.8,27.4,3.4,6.25,,,8.4,,0.0,,3.3,0,20.0,2.4,1,9.7,LOW,2,LOW-MOD,LOW,LOW,-32.6,Waterlogged,7,2,15,False,False,False,False,False
2025-09-16,19.4,11.1,15.0,77.4,6.4,2.2,1,14.6,0.2,0.74,,1011.9,85.9,223.0,85.01,11.0,12.7,14.9,11.1,21.4,2.3,3.05,,,9.4,,0.52,,5.2,0.2,17.8,0.2,3,9.6,LOW,1,LOW-MOD,LOW,LOW,-34.2,Waterlogged,4,0,20,False,False,False,False,False
2025-09-17,17.2,4.7,11.9,74.5,6.4,3.3,1,28.8,0.0,2.44,,1019.2,359.8,988.0,363.72,7.0,9.4,11.6,4.7,22.2,2.5,5.5,,,9.0,,0.33,,0.9,0,14.9,0.2,5,9.5,LOW,3,LOW-MOD,LOW,LOW,-34.1,Waterlogged,8,0,16,False,False,False,False,False
2025-09-18,18.3,1.1,9.4,72.7,4.8,2.7,0,24.1,0.0,2.79,,1023.4,411.9,712.0,425.3,4.0,6.6,8.9,1.1,22.2,2.8,6.4,,,8.6,,0.0,,0,0,14.4,0.2,0,8.8,LOW,2,LOW-MOD,LOW,LOW,17.3,Dry,9,0,15,False,True,False,False,False
2025-09-19,19.1,2.3,11.5,79.6,8.0,4.1,0,49.5,4.2,1.63,33.2,1015.1,222.9,788.0,225.36,7.8,9.4,11.3,2.3,23.6,2.1,5.4,,,8.8,,0.42,,0.7,0,12.5,0.2,10,9.0,LOW,5,MODERATE,LOW,LOW,12.7,Dry,9,0,15,True,False,False,False,False
2025-09-20,15.4,4.7,11.2,73.1,9.7,3.2,0,46.7,0.0,2.13,,1012.4,285.2,965.0,296.5,6.2,8.6,10.8,4.7,21.3,2.6,6.3,,,8.3,,0.41,,0.1,0,12.6,0.2,4,8.5,LOW,3,LOW-MOD,LOW,LOW,12.5,Dry,12,0,12,False,False,False,False,False
2025-09-21,16.2,6.9,12.1,76.6,8.0,3.1,1,32.5,0.0,1.8,,1017.3,245.4,942.0,255.11,8.0,9.8,11.8,6.9,21.5,2.3,5.7,,,7.8,,0.32,,1.6,0,13.2,0.2,0,8.7,LOW,2,LOW-MOD,LOW,LOW,12.1,Dry,10,0,14,False,False,False,False,False
2025-09-22,16.4,7.2,11.9,68.9,9.7,3.8,0,43.6,0.0,3.0,,1021.5,424.3,875.0,447.23,6.1,8.9,11.5,7.2,21.8,3.0,6.45,,,8.0,,0.15,,1.8,0,13.6,0.2,4,7.1,LOW,3,LOW-MOD,LOW,LOW,13.1,Dry,11,0,13,False,False,False,False,False
2025-09-23,18.8,2.0,10.5,72.7,6.4,2.5,0,20.9,0.0,2.67,,1026.2,397.3,788.0,418.72,5.4,7.8,10.1,2.0,25.2,2.7,6.5,,,8.3,,0.18,,0.4,0,10.7,0.2,1,6.6,LOW,2,LOW-MOD,LOW,LOW,12.8,Dry,8,0,16,False,False,False,False,False
2025-09-24,17.3,3.3,9.3,82.8,4.8,2.2,1,15.8,0.0,1.27,,1022.1,179.4,707.0,187.85,6.3,7.7,9.1,3.3,23.5,1.6,6.55,,,8.6,,0.37,,0.3,0,5.8,0.0,4,7.6,LOW,4,MODERATE,LOW,LOW,13.5,Dry,6,0,18,False,False,False,False,False
2025-09-25,19.6,2.4,10.6,79.4,6.4,3.5,0,29.1,0.2,2.41,,1017.1,338.4,946.0,354.26,6.8,8.5,10.4,2.4,24.3,2.1,6.4,,,8.5,,0.19,,1.0,0,5.9,0.0,3,7.3,LOW,3,LOW-MOD,LOW,LOW,13.3,Dry,8,0,16,False,False,False,False,False
2025-09-26,26.8,3.9,14.5,65.7,11.3,5.7,0,49.8,0.0,3.58,,1011.9,400.7,765.0,428.06,6.6,10.1,14.1,3.9,30.9,4.4,6.7,,,8.4,,0.22,,5.3,0.3,11.2,0.3,1,7.3,LOW,1,LOW-MOD,LOW,LOW,14.1,Dry,3,2,19,False,False,False,False,False
2025-09-27,25.1,5.3,15.3,70.4,4.8,2.7,0,17.3,0.0,3.3,,1012.0,418.6,789.0,444.24,9.4,11.8,15.1,5.3,30.7,3.5,6.8,,,8.4,,0.28,,5.2,0.2,15.7,0.5,0,7.4,LOW,0,LOW,LOW,LOW,20.0,Dry,7,0,17,False,False,False,False,False
2025-09-28,21.4,7.1,14.8,67.5,4.8,2.2,0,16.6,0.0,3.12,,1014.5,406.6,947.0,434.35,8.3,11.2,14.3,7.1,26.0,3.6,5.85,,,8.6,,0.42,,4.2,0,19.8,0.5,0,7.9,LOW,0,LOW,LOW,LOW,21.0,Dry,7,0,17,False,False,False,False,False
2025-09-29,22.0,2.9,12.2,69.8,4.8,2.6,0,22.5,0.0,3.17,,1017.0,427.5,749.0,459.83,6.0,8.9,11.7,2.9,25.2,3.3,6.95,,,8.4,,0.45,,2.4,0,20.6,0.5,0,8.0,LOW,2,LOW-MOD,LOW,LOW,22.3,Very Dry,8,1,15,False,False,False,False,False
2025-09-30,27.3,6.7,15.4,67.8,11.3,3.9,0,42.1,0.0,1.93,,1006.8,190.9,573.0,206.71,8.6,11.5,15.1,6.7,32.0,3.9,5.35,,,8.3,,0.66,,7.0,2.0,25.8,2.5,0,7.8,LOW,1,LOW-MOD,LOW,LOW,21.3,Dry,7,2,15,False,False,False,False,False
2025-10-01,19.3,5.9,12.2,68.9,9.7,4.7,1,47.3,0.0,2.9,,1009.1,377.3,1013.0,403.05,5.9,8.9,11.6,5.9,24.8,3.3,6.95,,,8.4,,0.51,,2.6,0,28.0,2.5,0,7.1,LOW,2,LOW-MOD,LOW,LOW,21.5,Dry,11,0,13,False,False,False,False,False
2025-10-02,16.3,7.2,10.8,71.8,8.0,3.4,1,38.5,3.0,1.75,76.2,1011.6,230.0,817.0,247.4,5.6,8.2,10.4,7.2,21.1,2.6,5.0,,,8.6,,0.59,,1.8,0,29.5,2.5,5,6.9,LOW,3,LOW-MOD,LOW,LOW,19.0,Dry,10,0,14,True,False,False,False,False
2025-10-03,18.6,5.5,11.7,73.6,6.4,2.4,0,20.8,0.0,2.18,,1020.5,294.7,986.0,321.14,6.9,9.1,11.4,5.5,22.3,2.6,6.8,,,8.3,,0.58,,2.1,0,30.6,2.5,0,6.5,LOW,2,LOW-MOD,LOW,LOW,18.9,Dry,9,0,15,False,False,False,False,False
2025-10-04,24.6,3.0,13.5,73.2,3.2,2.0,0,13.9,0.0,3.43,,1023.4,445.1,788.0,485.14,8.0,10.3,13.3,3.0,29.5,3.2,7.05,,,8.6,,0.44,,3.8,0,29.1,2.2,0,6.7,LOW,2,LOW-MOD,LOW,LOW,18.8,Dry,4,1,19,False,False,False,False,False
2025-10-05,29.7,5.8,17.2,62.8,6.4,2.8,0,25.6,0.0,3.81,,1016.6,431.7,768.0,467.44,8.1,12.0,16.8,5.8,33.3,5.2,7.05,,,8.2,,0.56,,7.8,2.8,31.7,4.8,0,7.1,LOW,2,LOW-MOD,LOW,LOW,19.3,Dry,4,1,18,False,False,False,False,False
2025-10-06,18.8,5.0,13.7,74.5,4.8,2.4,1,17.7,0.0,1.14,,1014.5,124.3,413.0,136.31,9.1,11.1,13.4,5.0,23.8,2.6,2.65,,,8.5,,0.77,,1.9,0,29.4,4.8,0,7.4,LOW,1,LOW-MOD,LOW,LOW,17.3,Dry,8,0,16,False,False,False,False,False
2025-10-07,18.9,4.1,10.2,77.2,6.4,2.6,0,20.1,0.2,2.29,,1016.6,316.6,1151.0,345.08,5.9,7.9,9.9,4.1,23.0,2.3,6.7,,,8.4,,0.67,,1.5,0,28.5,4.8,3,7.8,LOW,3,LOW-MOD,LOW,LOW,16.2,Dry,8,0,16,False,False,False,False,False
2025-10-08,27.2,3.6,16.1,68.6,4.8,2.7,0,24.9,0.0,3.25,,1009.6,407.8,900.0,444.47,9.5,12.1,15.9,3.6,31.8,4.0,6.95,,,8.3,,0.63,,5.4,0.4,26.9,3.2,0,8.7,LOW,2,LOW-MOD,LOW,LOW,17.6,Dry,7,3,14,False,False,False,False,False
2025-10-09,23.9,7.0,17.7,65.1,6.4,2.6,0,31.8,1.6,3.05,37.0,1010.3,357.6,965.0,387.22,10.4,13.5,17.4,7.0,28.8,4.2,7.2,,,8.4,,0.65,,5.4,0.4,29.7,3.6,3,9.3,LOW,1,LOW-MOD,LOW,LOW,16.1,Dry,12,2,10,True,False,False,False,False
2025-10-10,25.8,4.8,15.0,58.6,9.7,5.0,0,47.6,0.0,4.27,,1012.8,460.2,809.0,508.15,5.0,9.7,14.4,4.8,30.0,5.3,7.45,,,8.5,,0.59,,5.3,0.3,33.2,3.9,2,8.0,LOW,1,LOW-MOD,LOW,LOW,21.6,Dry,2,2,20,False,False,False,False,False
2025-10-11,24.6,5.5,14.6,59.6,8.0,3.8,0,36.3,0.0,3.99,,1012.8,459.0,809.0,510.15,5.6,9.8,14.0,5.5,28.8,4.8,7.55,,,7.9,,0.59,,5.1,0.1,36.2,4.0,0,7.0,LOW,1,LOW-MOD,LOW,LOW,23.4,Very Dry,4,2,18,False,False,False,False,False
2025-10-12,20.5,4.3,13.3,65.8,6.4,3.3,0,31.7,0.0,2.67,,1012.4,313.8,854.0,348.77,6.3,9.5,12.7,4.3,26.8,3.8,5.6,,,7.8,,0.69,,2.4,0,34.8,4.0,0,6.2,LOW,1,LOW-MOD,LOW,LOW,22.7,Very Dry,11,0,13,False,False,False,False,False
2025-10-13,21.6,4.2,12.5,60.4,6.4,2.5,0,20.0,0.0,3.73,,1017.4,476.0,831.0,529.0,3.4,8.0,11.6,4.2,24.7,4.5,7.65,,,7.9,,0.59,,2.9,0,29.9,1.2,0,5.2,LOW,3,LOW-MOD,LOW,LOW,22.6,Very Dry,2,4,18,False,False,False,False,False
2025-10-14,24.6,1.4,13.4,59.7,6.4,3.1,0,28.8,0.0,3.94,,1018.7,458.7,814.0,516.42,4.4,8.6,12.8,1.4,29.3,4.8,7.65,,,7.5,,0.6,,3.0,0,31.0,1.2,0,4.2,LOW,1,LOW-MOD,LOW,LOW,25.4,Very Dry,2,5,17,False,True,False,False,False
2025-10-15,27.9,4.1,15.6,61.9,4.8,2.2,0,15.0,0.0,3.96,,1019.9,462.7,817.0,520.89,6.9,10.7,15.1,4.1,32.0,4.9,7.7,,,7.9,,0.6,,6.0,1.0,35.5,2.2,0,3.8,LOW,1,LOW-MOD,LOW,LOW,27.3,Very Dry,4,1,19,False,False,False,False,False
2025-10-16,32.1,6.0,18.7,53.1,8.0,3.7,0,36.2,0.0,4.57,,1015.0,466.1,823.0,521.38,5.9,11.6,17.8,6.0,35.5,7.1,7.75,,,7.6,,0.6,,9.1,4.1,39.2,5.9,0,3.9,LOW,0,LOW,LOW,LOW,28.6,Very Dry,3,0,21,False,False,False,False,False
2025-10-17,29.6,12.6,20.6,45.7,6.4,2.4,0,19.3,0.0,4.11,,1011.0,421.5,925.0,474.52,7.5,13.2,19.7,12.6,34.4,7.4,7.65,,,7.1,,0.62,,11.1,6.1,44.9,11.6,0,3.9,LOW,0,LOW,LOW,LOW,31.2,Very Dry,1,1,22,False,False,False,False,False
2025-10-18,26.8,6.7,17.0,52.6,6.4,2.1,0,13.7,0.0,4.17,,1014.0,465.5,837.0,530.72,5.7,10.9,16.3,6.7,31.1,6.1,7.9,,,7.1,,0.6,,6.8,1.8,46.4,13.1,0,3.6,LOW,0,LOW,LOW,LOW,31.1,Very Dry,0,1,23,False,False,False,False,False
2025-10-19,30.4,6.6,19.0,55.7,6.4,3.1,0,25.6,0.0,3.86,,1012.5,414.5,895.0,472.57,8.1,12.7,18.4,6.6,33.9,6.3,7.9,,,7.2,,0.62,,8.5,3.5,49.8,16.5,0,4.1,LOW,0,LOW,LOW,LOW,31.0,Very Dry,3,1,20,False,False,False,False,False
2025-10-20,34.5,11.9,22.9,51.4,6.4,3.1,0,18.5,0.0,3.3,,1008.7,310.4,1002.0,347.16,10.5,15.5,22.2,11.9,38.0,7.4,8.0,,,7.3,,0.68,,13.2,8.2,60.6,24.7,0,4.9,LOW,0,LOW,LOW,LOW,31.6,Very Dry,1,0,23,False,False,False,False,False
2025-10-21,24.7,14.1,19.8,63.2,6.4,2.0,0,9.8,0.0,1.5,,1009.1,160.1,388.0,180.24,12.2,15.2,19.5,14.1,27.6,4.6,7.55,,,8.0,,0.78,,9.4,4.4,67.1,29.1,0,5.7,LOW,0,LOW,LOW,LOW,29.4,Very Dry,4,0,20,False,False,False,False,False
2025-10-22,21.7,12.4,18.7,63.9,11.3,3.8,1,47.3,0.6,1.37,4.8,1002.8,93.0,613.0,104.72,11.5,14.5,18.4,12.4,24.6,4.2,4.1,,,8.5,,0.81,,7.1,2.1,71.2,31.2,1,6.6,LOW,1,LOW-MOD,LOW,LOW,26.2,Very Dry,12,1,11,True,False,False,False,False
2025-10-23,23.2,7.8,15.3,58.5,4.8,2.2,0,17.4,0.0,3.43,,1013.3,408.9,963.0,463.27,6.4,10.5,14.5,7.8,27.7,4.8,7.7,,,8.2,,0.64,,5.5,0.5,70.7,30.7,0,6.7,LOW,1,LOW-MOD,LOW,LOW,25.7,Very Dry,6,3,15,False,False,False,False,False
2025-10-24,23.9,5.2,15.1,57.4,6.4,2.4,0,20.3,0.0,3.81,,1014.8,434.9,1027.0,498.96,5.6,10.0,14.4,5.2,28.6,5.1,8.1,,,7.7,,0.62,,4.5,0,66.1,26.6,0,6.8,LOW,1,LOW-MOD,LOW,LOW,24.9,Very Dry,0,8,16,False,False,False,False,False
2025-10-25,26.0,6.2,16.7,56.2,4.8,2.1,0,14.6,0.0,3.07,,1013.3,340.1,779.0,385.35,6.7,11.2,16.0,6.2,29.9,5.5,7.35,,,7.4,,0.69,,6.1,1.1,61.1,21.6,0,6.4,LOW,1,LOW-MOD,LOW,LOW,23.9,Very Dry,4,3,17,False,False,False,False,False
2025-10-26,22.9,12.5,16.2,82.0,11.3,3.2,1,12.9,13.4,1.02,61.0,1003.1,118.0,947.0,131.13,13.0,14.3,16.3,12.5,30.1,1.9,7.4,,,8.4,,0.78,,7.7,2.7,62.0,22.5,10,8.0,MODERATE,6,MODERATE,LOW,LOW,7.4,Optimal,2,0,21,True,False,False,False,False
2025-10-27,22.6,10.6,16.4,69.0,6.4,2.7,1,36.9,0.2,3.63,,1005.9,450.9,1093.0,517.27,9.8,12.7,15.9,10.6,27.2,3.7,8.15,,,8.7,,0.53,,6.6,1.6,60.1,20.6,4,7.8,LOW-MOD,3,LOW-MOD,LOW,LOW,6.9,Optimal,11,2,11,False,False,False,False,False
2025-10-28,19.3,8.1,13.4,58.6,11.3,4.5,0,79.7,0.0,2.82,,1015.9,291.1,969.0,340.25,5.2,9.2,12.7,8.1,23.7,4.2,6.95,,,7.5,,0.62,,3.7,0,50.6,12.4,0,6.2,LOW,1,LOW-MOD,LOW,LOW,6.5,Optimal,15,0,9,False,False,False,False,False
2025-10-29,21.8,10.4,15.8,64.2,6.4,3.1,0,32.1,0.0,2.95,,1015.6,321.6,1060.0,371.23,8.6,11.8,15.2,10.4,26.3,4.0,6.7,,,8.0,,0.57,,6.1,1.1,47.3,9.1,0,6.8,LOW,1,LOW-MOD,LOW,LOW,7.9,Optimal,10,0,14,False,False,False,False,False
2025-10-30,25.9,9.4,17.7,64.5,4.8,2.4,0,22.1,0.0,3.66,,1014.7,416.3,1106.0,483.58,9.7,13.1,17.3,9.4,30.3,4.6,7.2,,,8.3,,0.51,,7.6,2.6,47.8,9.6,0,8.1,LOW,2,LOW-MOD,LOW,LOW,10.8,Optimal,5,5,14,False,False,False,False,False
2025-10-31,26.4,12.9,19.6,62.6,6.4,3.0,1,36.9,0.0,2.41,,1013.6,234.7,1039.0,267.53,11.8,14.9,19.3,12.9,32.0,4.7,6.2,,,8.0,,0.63,,9.6,4.6,51.9,13.7,0,9.6,LOW,1,LOW-MOD,LOW,LOW,9.8,Optimal,8,3,13,False,False,False,False,False
2025-11-01,30.9,11.7,21.5,59.6,4.8,2.4,0,25.2,0.6,4.5,6.6,1011.4,466.3,947.0,545.02,12.0,15.7,21.2,11.7,35.1,5.8,8.35,,,8.0,,0.46,,11.3,6.3,58.7,20.0,1,8.3,LOW,0,LOW,LOW,LOW,9.9,Optimal,5,2,17,True,False,False,False,False
2025-11-02,32.4,14.9,23.8,52.6,6.4,2.6,0,31.2,0.0,4.6,,1007.9,460.5,1027.0,538.25,12.4,16.7,23.3,14.9,36.9,7.1,8.25,,,7.7,,0.49,,13.6,8.6,66.2,27.5,0,8.3,LOW,0,LOW,LOW,LOW,11.4,Optimal,5,0,19,False,False,False,False,False
2025-11-03,24.9,11.7,17.6,74.4,9.7,2.8,0,26.6,10.0,1.55,11.2,1002.7,164.0,724.0,186.96,12.6,14.5,17.5,11.7,30.6,3.1,5.8,,,8.3,,0.72,,8.3,3.3,66.8,28.1,7,11.5,LOW-MOD,3,LOW-MOD,LOW,LOW,15.3,Dry,8,0,16,True,False,False,False,False
2025-11-04,14.7,9.7,11.5,87.9,9.7,3.7,0,73.0,6.4,1.52,51.2,1007.2,211.3,969.0,240.95,9.5,10.4,11.5,8.9,19.7,1.1,7.0,,,9.4,,0.73,,2.2,0,62.4,26.5,21,13.9,LOW,6,MODERATE,LOW,LOW,7.0,Optimal,2,0,22,True,False,False,False,False
2025-11-05,21.2,9.4,14.3,67.5,6.4,2.9,0,48.8,0.0,3.58,,1014.8,417.2,1172.0,490.61,7.8,10.7,13.8,9.4,25.6,3.6,8.45,,,8.6,,0.57,,5.3,0.3,64.0,26.8,3,13.1,LOW,2,LOW-MOD,LOW,LOW,7.8,Optimal,9,0,15,False,False,False,False,False
2025-11-06,26.4,5.6,16.7,61.9,6.4,2.9,0,25.7,0.0,4.11,,1015.1,466.1,1018.0,544.77,7.8,11.7,16.2,5.6,31.0,5.0,8.65,,,8.3,,0.51,,6.0,1.0,63.9,26.7,0,12.0,LOW,3,LOW-MOD,LOW,LOW,8.9,Optimal,3,3,18,False,False,False,False,False
2025-11-07,31.8,15.3,22.4,49.2,9.7,4.3,0,40.5,0.0,3.68,,1006.4,326.0,1134.0,378.71,9.1,14.7,21.6,15.3,35.2,7.7,7.7,,,7.1,,0.64,,13.6,8.6,69.9,32.7,0,10.7,LOW,0,LOW,LOW,LOW,8.9,Optimal,1,1,22,False,False,False,False,False
2025-11-08,26.8,10.6,21.4,54.7,9.7,3.9,0,79.5,0.0,4.65,,1003.2,457.0,1053.0,537.41,11.6,15.4,21.0,10.6,32.5,6.0,8.65,,,7.4,,0.52,,8.7,3.7,69.0,31.8,0,10.3,LOW,0,LOW,LOW,LOW,11.2,Optimal,16,3,5,False,False,False,False,False
2025-11-09,23.6,8.3,15.6,56.6,4.8,2.3,0,28.3,0.0,4.11,,1011.7,482.4,1090.0,574.19,6.2,10.6,14.9,8.3,28.1,5.0,8.6,,,7.2,,0.49,,6.0,1.0,63.7,26.5,0,7.6,LOW,1,LOW-MOD,LOW,LOW,11.4,Optimal,9,4,11,False,False,False,False,False
2025-11-10,23.7,7.6,16.3,52.8,6.4,2.9,0,31.1,0.0,4.57,,1013.8,498.2,882.0,592.94,5.7,10.6,15.5,7.6,28.5,5.7,8.8,,,7.1,,0.5,,5.6,0.6,55.7,18.5,0,5.4,LOW,1,LOW-MOD,LOW,LOW,11.4,Optimal,4,6,14,False,False,False,False,False
2025-11-11,17.9,5.5,12.6,59.2,8.0,3.7,1,40.8,0.0,3.07,,1014.1,329.7,1248.0,394.77,4.2,8.4,11.9,5.5,22.7,4.2,7.65,,,7.3,,0.62,,1.7,0,49.1,15.2,0,4.6,LOW,1,LOW-MOD,LOW,LOW,22.9,Very Dry,11,0,13,False,False,False,False,False
2025-11-12,22.7,2.0,12.9,52.8,4.8,2.9,0,29.2,0.0,4.32,,1018.1,492.9,879.0,593.8,2.0,7.5,11.9,2.0,26.4,5.4,8.7,,,7.3,,0.46,,2.3,0,49.2,15.2,0,3.6,LOW,1,LOW-MOD,LOW,LOW,32.1,Very Dry,4,4,16,False,False,False,False,False
2025-11-13,28.8,2.8,17.4,43.8,9.7,4.8,0,54.7,0.0,4.88,,1010.5,462.4,1009.0,550.34,1.4,9.4,16.3,2.8,32.4,8.0,8.35,,,6.3,,0.48,,5.8,0.8,49.7,15.7,0,2.8,LOW,0,LOW,LOW,LOW,33.4,Very Dry,0,1,23,False,False,False,False,False
2025-11-14,29.9,12.3,20.9,46.3,6.4,2.5,0,21.1,0.0,4.14,,1005.8,399.2,1116.0,477.97,7.6,13.3,19.9,12.3,33.9,7.6,8.8,,,6.4,,0.56,,11.1,6.1,54.8,20.8,0,2.5,LOW,0,LOW,LOW,LOW,33.4,Very Dry,1,2,21,False,False,False,False,False
2025-11-15,33.2,15.6,24.5,42.7,12.9,5.5,0,104.6,0.0,4.17,,1002.0,299.6,983.0,358.78,9.4,15.6,23.6,15.6,37.2,8.9,7.6,,,6.6,,0.65,,14.4,9.4,55.6,21.6,0,2.7,LOW,0,LOW,LOW,LOW,33.9,Very Dry,7,3,14,False,False,False,False,False
2025-11-16,25.2,11.8,20.4,45.3,11.3,5.1,0,86.6,0.0,4.42,,1002.6,418.1,1125.0,476.7,7.6,13.2,19.5,11.8,30.2,7.2,8.85,,,6.7,,0.51,,8.5,3.5,55.4,21.4,0,2.7,LOW,0,LOW,LOW,LOW,33.7,Very Dry,5,11,8,False,False,False,False,False
2025-11-17,19.1,10.9,14.6,63.5,8.0,2.9,1,53.1,0.8,2.31,9.0,1005.4,247.5,1125.0,296.4,7.1,10.6,13.9,10.7,23.4,4.0,8.6,,,7.1,,0.58,,5.0,0,54.4,20.4,9,3.1,LOW,2,LOW-MOD,LOW,LOW,31.1,Very Dry,13,0,11,True,False,False,False,False
2025-11-18,26.6,9.4,18.3,59.8,6.4,2.9,0,29.1,0.0,4.06,,1009.1,426.0,1187.0,510.05,9.7,13.3,17.8,9.4,31.3,5.0,9.05,,,7.1,,0.54,,8.0,3.0,56.8,22.8,0,4.0,LOW,1,LOW-MOD,LOW,LOW,30.6,Very Dry,6,5,13,False,False,False,False,False
2025-11-19,30.8,9.8,21.4,52.0,9.7,4.9,0,56.9,0.0,4.98,,1007.8,461.4,1090.0,555.84,9.5,14.3,20.7,9.8,35.5,7.1,9.05,,,7.1,,0.51,,10.3,5.3,65.4,28.1,0,5.1,LOW,0,LOW,LOW,LOW,32.5,Very Dry,2,1,21,False,False,False,False,False
2025-11-20,29.0,11.9,20.6,42.8,6.4,2.8,0,28.4,0.0,4.34,,1010.0,411.1,1100.0,501.08,6.1,12.8,19.6,11.9,32.8,7.8,8.95,,,6.6,,0.59,,10.4,5.4,73.5,33.5,0,4.8,LOW,1,LOW-MOD,LOW,LOW,32.5,Very Dry,0,4,20,False,False,False,False,False
2025-11-21,27.3,6.3,18.2,55.0,8.0,5.0,0,80.3,0.0,4.88,,1014.9,477.3,1021.0,581.8,8.4,12.6,17.6,6.3,32.6,5.6,9.1,,,6.7,,0.48,,6.8,1.8,74.5,34.5,0,4.7,LOW,1,LOW-MOD,LOW,LOW,32.5,Very Dry,10,6,8,False,False,False,False,False
2025-11-22,27.8,15.9,21.4,61.8,8.0,4.1,0,95.5,0.0,3.45,,1012.4,302.1,1095.0,370.37,13.6,16.5,21.3,15.9,34.2,4.9,5.6,,,7.3,,0.6,,11.9,6.9,75.3,35.3,0,6.1,LOW,0,LOW,LOW,LOW,31.8,Very Dry,24,0,0,False,False,False,False,False
2025-11-23,31.7,18.3,23.9,59.3,8.0,3.1,0,33.5,0.0,4.78,,1006.1,464.6,1011.0,566.37,14.3,17.8,23.8,18.3,36.6,6.1,9.1,,,7.5,,0.55,,15.0,10.0,75.9,35.9,2,7.7,LOW,0,LOW,LOW,LOW,32.4,Very Dry,5,2,17,False,False,False,False,False
2025-11-24,35.1,14.3,24.5,55.8,6.4,2.8,0,29.1,1.4,4.93,4.2,1002.6,468.8,912.0,571.39,13.6,17.5,24.2,14.3,40.0,7.0,9.2,,,7.4,,0.54,,14.7,9.7,82.1,42.1,1,8.7,LOW,0,LOW,LOW,LOW,31.5,Very Dry,5,1,18,True,False,False,False,False
2025-11-25,33.5,16.7,25.4,50.8,9.7,4.6,0,50.8,0.0,5.36,,998.7,475.4,1032.0,579.54,12.2,17.3,24.8,16.7,38.0,8.1,9.15,,,7.2,,0.51,,15.1,10.1,92.2,52.2,0,9.6,LOW,0,LOW,LOW,LOW,35.4,Very Dry,1,0,23,False,False,False,False,False
2025-11-26,28.4,13.0,21.0,45.3,14.5,6.4,0,73.6,0.0,4.9,,997.5,409.4,1234.0,501.92,7.5,13.4,20.1,13.0,33.1,7.6,8.9,,,6.6,,0.58,,10.7,5.7,94.9,54.9,0,10.1,LOW,1,LOW-MOD,LOW,LOW,36.2,Very Dry,2,1,21,False,False,False,False,False
2025-11-27,26.4,10.1,18.4,46.9,8.0,3.7,0,47.5,0.0,5.18,,1003.9,502.4,916.0,619.66,6.1,11.7,17.5,10.1,31.0,6.7,9.15,,,6.7,,0.5,,8.2,3.2,92.8,52.8,0,9.1,LOW,1,LOW-MOD,LOW,LOW,36.4,Very Dry,4,4,16,False,False,False,False,False
2025-11-28,29.9,7.5,20.2,44.8,8.0,4.1,0,41.6,0.0,4.8,,1005.1,437.1,944.0,532.8,6.1,12.3,19.3,7.5,33.7,7.9,9.05,,,6.6,,0.56,,8.7,3.7,91.1,51.1,0,6.9,LOW,1,LOW-MOD,LOW,LOW,36.9,Very Dry,1,1,22,False,False,False,False,False
2025-11-29,25.1,12.9,20.1,55.9,9.7,4.4,1,55.7,3.0,3.63,6.8,1001.2,354.9,1134.0,427.54,10.5,14.5,19.5,12.9,30.2,5.6,9.05,,,7.0,,0.62,,9.0,4.0,93.3,53.3,3,5.9,LOW,1,LOW-MOD,LOW,LOW,32.6,Very Dry,5,5,14,True,False,False,False,False
2025-11-30,21.0,8.4,15.5,59.7,8.0,4.3,0,53.6,0.4,3.43,,1006.5,343.1,1162.0,420.65,6.9,10.9,14.7,8.4,25.1,4.6,8.1,,,7.1,,0.63,,4.7,0,86.1,46.4,2,4.7,LOW,2,LOW-MOD,LOW,LOW,32.2,Very Dry,14,0,10,True,False,False,False,False
2025-12-01,20.0,10.1,14.2,60.1,9.7,4.5,0,60.9,0.2,3.02,,1006.6,304.6,1236.0,382.18,6.2,10.0,13.4,10.1,25.0,4.2,8.35,,,7.3,,0.6,,5.1,0.1,76.2,36.5,1,3.8,LOW,1,LOW-MOD,LOW,LOW,30.2,Very Dry,11,0,13,False,False,False,False,False
2025-12-02,23.7,7.0,15.6,55.3,6.4,2.4,0,24.5,0.0,4.67,,1013.4,504.0,958.0,628.85,5.5,10.2,14.8,7.0,28.4,5.4,9.2,,,7.2,,0.43,,5.3,0.3,66.8,27.1,1,3.7,LOW,1,LOW-MOD,LOW,LOW,31.4,Very Dry,4,6,14,False,False,False,False,False
2025-12-03,30.4,5.9,18.8,48.9,8.0,2.8,0,27.0,0.0,5.13,,1016.9,506.1,905.0,627.77,5.8,11.6,17.9,5.9,34.3,7.2,9.3,,,6.8,,0.51,,8.1,3.1,59.8,20.1,0,3.9,LOW,1,LOW-MOD,LOW,LOW,31.2,Very Dry,1,1,22,False,False,False,False,False
2025-12-04,34.8,9.3,22.9,39.2,9.7,4.3,0,47.3,0.0,5.72,,1013.7,482.9,1016.0,602.48,5.3,13.1,21.6,9.3,37.7,9.8,9.3,,,6.5,,0.5,,12.0,7.0,61.1,21.4,0,3.9,LOW,0,LOW,LOW,LOW,32.0,Very Dry,1,1,22,False,False,False,False,False
2025-12-05,38.8,11.4,27.1,29.3,11.3,5.4,0,59.4,0.0,5.33,,1007.7,453.5,1078.0,484.55,3.5,14.1,25.3,11.4,41.3,13.0,9.25,,,5.9,,0.52,,15.1,10.1,68.0,28.3,0,3.3,LOW,0,LOW,LOW,LOW,32.1,Very Dry,0,0,23,False,False,False,False,False
2025-12-06,35.3,21.2,28.1,31.3,9.7,3.8,0,50.3,0.0,3.2,,1003.3,216.3,997.0,254.32,8.8,16.6,26.9,21.2,39.3,11.5,6.6,,,5.6,,0.72,,18.2,13.2,77.5,37.8,0,3.3,LOW,0,LOW,LOW,LOW,30.5,Very Dry,2,2,20,False,False,False,False,False
2025-12-07,25.5,11.7,18.9,37.7,4.8,2.4,0,27.6,0.0,5.16,,1010.2,525.3,939.0,651.67,2.3,10.7,17.6,11.7,29.3,8.2,9.2,,,6.1,,0.48,,8.6,3.6,77.1,37.4,0,2.7,LOW,0,LOW,LOW,LOW,35.1,Very Dry,2,1,21,False,False,False,False,False
2025-12-08,30.7,7.3,19.4,36.9,6.4,2.6,0,25.5,0.0,4.88,,1011.6,465.1,1000.0,580.23,2.6,10.7,18.2,7.3,34.2,8.7,8.85,,,6.0,,0.54,,9.0,4.0,81.4,41.4,0,2.4,LOW,0,LOW,LOW,LOW,36.9,Very Dry,2,0,22,False,False,False,False,False
2025-12-09,35.4,9.6,23.8,36.8,6.4,3.1,0,31.0,0.0,5.69,,1012.0,496.5,900.0,622.96,6.4,13.8,22.6,9.6,39.4,10.0,9.4,,,6.0,,0.52,,12.5,7.5,88.8,48.8,0,2.3,LOW,0,LOW,LOW,LOW,39.8,Very Dry,0,1,23,False,False,False,False,False
2025-12-10,34.4,15.5,24.3,43.1,4.8,2.4,0,28.8,0.0,4.62,,1015.4,418.5,1051.0,519.17,9.5,15.6,23.4,15.5,39.1,8.7,9.4,,,6.2,,0.57,,14.9,9.9,98.4,58.4,0,2.6,LOW,0,LOW,LOW,LOW,39.7,Very Dry,3,1,20,False,False,False,False,False
2025-12-11,31.4,14.2,22.9,51.6,11.3,5.5,0,89.9,0.4,5.38,2.4,1014.5,465.1,1111.0,580.31,12.0,16.2,22.5,14.2,36.9,6.7,8.75,,,6.7,,0.49,,12.8,7.8,103.1,63.1,1,3.1,LOW,0,LOW,LOW,LOW,39.6,Very Dry,8,5,11,True,False,False,False,False
2025-12-12,31.5,16.9,24.2,53.3,9.7,4.5,0,100.0,0.0,5.31,,1012.1,473.2,1041.0,590.32,13.5,17.4,24.0,16.9,36.9,6.8,9.4,,,6.8,,0.48,,14.2,9.2,105.3,65.3,0,3.8,LOW,0,LOW,LOW,LOW,39.2,Very Dry,14,4,6,False,False,False,False,False
2025-12-13,22.6,15.1,19.6,74.0,4.8,2.6,0,26.2,2.2,1.17,1.4,1008.4,108.7,443.0,134.86,14.5,16.5,19.7,15.1,27.1,3.1,5.4,,,7.5,,0.75,,8.9,3.9,99.1,59.1,5,6.4,LOW-MOD,3,LOW-MOD,LOW,LOW,32.8,Very Dry,7,0,17,True,False,False,False,False
2025-12-14,30.1,13.4,20.7,64.8,8.0,4.4,0,44.9,0.2,3.78,,1006.3,352.7,1097.0,437.53,11.7,15.5,20.4,13.4,34.3,5.2,9.55,,,7.7,,0.62,,11.8,6.8,92.7,52.7,5,9.8,LOW-MOD,3,LOW-MOD,LOW,LOW,33.2,Very Dry,2,3,19,False,False,False,False,False
2025-12-15,27.2,10.0,19.2,39.7,6.4,2.4,0,30.4,0.0,5.18,,1012.7,512.8,930.0,643.46,3.9,11.2,18.1,10.0,31.3,8.0,9.5,,,6.8,,0.47,,8.6,3.6,92.7,52.7,0,8.9,LOW,1,LOW-MOD,LOW,LOW,33.2,Very Dry,3,2,19,False,False,False,False,False
2025-12-16,32.3,8.6,21.4,46.6,6.4,3.6,0,40.4,0.0,5.38,,1016.5,505.9,912.0,634.83,8.2,13.7,20.6,8.6,35.9,7.7,9.55,,,6.7,,0.52,,10.4,5.4,94.1,54.1,0,8.6,LOW,0,LOW,LOW,LOW,33.7,Very Dry,3,2,19,False,False,False,False,False
2025-12-17,36.8,16.7,26.1,49.6,8.0,3.6,0,48.7,0.0,4.72,,1016.8,510.1,893.0,570.62,13.8,18.2,26.0,16.7,41.9,7.9,9.6,,,7.1,,0.54,,16.8,11.8,98.4,58.4,0,9.2,LOW,0,LOW,LOW,LOW,32.7,Very Dry,8,3,12,False,False,False,False,False
2025-12-18,41.5,16.4,29.7,36.7,9.7,3.3,0,32.3,0.0,6.12,,1011.0,504.5,918.0,633.05,9.4,17.5,28.4,16.4,44.8,12.2,9.65,,,6.7,,0.52,,18.9,13.9,102.4,62.4,0,8.6,LOW,0,LOW,LOW,LOW,34.2,Very Dry,0,1,23,False,False,False,False,False
2025-12-19,41.4,17.1,27.1,44.8,9.7,3.5,0,32.9,8.0,3.78,50.8,1007.1,312.8,1027.0,383.53,12.7,18.1,26.7,17.1,45.6,9.0,9.55,,,6.4,,0.61,,19.2,14.2,108.8,68.8,4,7.2,LOW-MOD,0,LOW,LOW,LOW,25.0,Very Dry,2,2,20,True,False,False,False,False
2025-12-20,35.5,19.6,27.0,67.0,8.0,3.1,0,39.7,8.0,4.39,10.4,1004.9,416.9,1132.0,514.19,19.3,21.6,28.5,19.6,43.7,5.4,9.0,,,7.1,,0.57,,17.6,12.6,112.2,72.2,9,8.9,MODERATE,0,LOW,MODERATE,LOW,16.1,Dry,2,5,17,True,False,False,False,False
2025-12-21,26.8,18.3,23.7,80.0,9.7,4.4,0,61.0,4.8,1.52,36.4,1001.3,135.3,788.0,169.82,20.0,21.2,24.9,18.3,32.9,2.5,7.15,,,7.6,,0.76,,12.6,7.6,115.9,75.9,9,17.1,MODERATE,0,LOW,LOW,LOW,13.9,Dry,9,0,15,True,False,False,False,False
2025-12-22,27.2,13.3,20.4,61.7,6.4,2.9,0,29.5,0.0,4.55,,1006.3,470.2,1176.0,593.4,12.1,15.4,20.2,13.3,32.1,5.0,9.55,,,8.0,,0.54,,10.2,5.2,114.3,74.3,0,20.1,LOW-MOD,2,LOW-MOD,LOW,LOW,14.8,Dry,6,5,13,False,False,False,False,False
2025-12-23,28.0,11.2,20.2,51.1,6.4,2.4,0,26.7,0.0,5.23,,1009.8,512.6,925.0,646.93,8.3,13.5,19.5,11.2,32.5,6.7,9.55,,,7.3,,0.5,,9.6,4.6,115.3,75.3,0,17.5,LOW,2,LOW-MOD,LOW,LOW,14.9,Dry,3,2,19,False,False,False,False,False
2025-12-24,29.8,9.0,20.7,45.9,6.4,3.3,0,36.3,0.0,5.49,,1010.1,512.0,921.0,646.17,6.6,12.8,19.7,9.0,34.1,7.9,9.55,,,7.2,,0.5,,9.4,4.4,114.3,74.3,0,15.4,LOW,2,LOW-MOD,LOW,LOW,15.0,Dry,0,2,22,False,False,False,False,False
2025-12-25,26.2,11.6,19.3,41.2,6.4,2.1,0,33.9,0.0,5.18,,1010.6,516.3,933.0,651.52,4.7,11.6,18.2,11.6,30.6,7.7,9.65,,,6.7,,0.5,,8.9,3.9,106.4,66.4,0,11.8,LOW,2,LOW-MOD,LOW,LOW,15.5,Dry,3,2,19,False,False,False,False,False
2025-12-26,25.8,7.6,17.9,34.7,6.4,2.7,0,32.7,0.0,5.31,,1012.8,525.1,946.0,662.61,0.3,9.5,16.5,7.6,30.0,8.4,9.5,,,6.0,,0.48,,6.7,1.7,94.2,54.2,0,5.8,LOW,1,LOW-MOD,LOW,LOW,14.7,Dry,2,2,20,False,False,False,False,False
2025-12-27,29.2,9.9,20.0,42.4,8.0,2.8,0,36.5,0.0,5.28,,1013.9,516.9,925.0,648.65,5.1,12.1,19.0,9.9,33.0,7.9,9.55,,,6.0,,0.5,,9.6,4.6,84.6,44.6,0,3.0,LOW,1,LOW-MOD,LOW,LOW,24.1,Very Dry,5,1,18,False,False,False,False,False
2025-12-28,30.9,12.7,21.8,38.6,9.7,3.7,0,49.4,0.0,5.56,,1015.8,521.7,939.0,654.68,5.3,12.9,20.6,12.7,34.6,8.9,9.55,,,6.1,,0.49,,11.8,6.8,78.8,38.8,0,2.3,LOW,0,LOW,LOW,LOW,33.3,Very Dry,3,2,19,False,False,False,False,False
2025-12-29,35.1,12.1,23.1,42.8,6.4,2.8,0,28.2,0.0,5.44,,1014.8,521.6,925.0,632.1,7.9,14.4,22.0,12.1,38.6,8.7,9.6,,,6.7,,0.45,,13.6,8.6,79.8,39.8,0,2.2,LOW,0,LOW,LOW,LOW,42.0,Very Dry,3,1,20,False,False,False,False,False
2025-12-30,37.2,14.5,25.6,38.3,4.8,2.5,0,24.9,0.0,5.05,,1008.6,496.4,1030.0,580.13,8.3,15.5,24.4,14.5,40.8,10.1,9.15,,,6.4,,0.38,,15.9,10.9,85.5,45.5,0,2.3,LOW,0,LOW,LOW,LOW,42.5,Very Dry,2,1,21,False,False,False,False,False
2025-12-31,35.3,20.9,27.6,33.3,8.0,3.5,0,50.0,0.0,5.89,,1004.2,503.6,1037.0,631.96,9.0,16.5,26.4,20.9,39.9,11.1,9.45,,,6.0,,0.35,,18.1,13.1,94.0,54.0,0,2.7,LOW,0,LOW,LOW,LOW,43.2,Very Dry,1,2,21,False,False,False,False,False
2026-01-01,30.2,15.5,23.4,51.2,8.0,4.3,0,85.2,0.0,5.23,,1009.2,476.4,1046.0,594.33,12.0,16.4,22.9,15.5,34.9,7.0,9.6,,,6.4,,0.37,,12.9,7.9,97.5,57.5,0,4.0,LOW,0,LOW,LOW,LOW,42.9,Very Dry,9,3,12,False,False,False,False,False
2026-01-02,32.1,15.7,23.9,44.3,8.0,4.1,0,90.8,0.0,5.59,,1011.6,499.9,900.0,627.33,10.2,15.7,23.1,15.7,36.5,8.2,9.6,,,6.6,,0.37,,13.9,8.9,102.5,62.5,0,4.7,LOW,0,LOW,LOW,LOW,43.4,Very Dry,12,3,9,False,False,False,False,False
2026-01-03,34.0,17.8,25.8,50.0,8.0,3.4,0,58.7,0.0,4.57,,1008.5,404.2,1004.0,501.43,13.9,18.2,25.7,17.8,39.6,7.6,8.7,,,6.4,,0.5,,15.9,10.9,111.7,71.7,0,6.2,LOW,0,LOW,LOW,LOW,42.6,Very Dry,11,4,9,False,False,False,False,False
2026-01-04,36.1,19.9,27.2,46.9,8.0,2.9,0,35.9,0.0,4.19,,1006.5,368.3,1162.0,464.77,13.3,18.5,26.7,19.9,39.8,8.7,8.65,,,6.4,,0.44,,18.0,13.0,120.1,80.1,0,7.4,LOW,0,LOW,LOW,LOW,41.5,Very Dry,4,1,19,False,False,False,False,False
2026-01-05,36.5,16.5,26.7,43.9,6.4,2.9,0,35.3,0.0,5.56,,1007.7,500.0,896.0,623.87,11.4,17.3,26.0,16.5,41.2,9.4,9.55,,,6.4,,0.17,,16.5,11.5,124.8,84.8,0,8.2,LOW,0,LOW,LOW,LOW,41.5,Very Dry,3,2,19,False,False,False,False,False
2026-01-06,37.7,18.1,27.7,44.9,6.4,3.1,0,36.9,0.0,5.69,,1011.4,507.0,909.0,636.15,12.6,18.3,27.1,18.1,41.2,9.4,9.65,,,6.2,,0.16,,17.9,12.9,129.1,89.1,0,9.7,LOW,0,LOW,LOW,LOW,41.8,Very Dry,5,1,18,False,False,False,False,False
2026-01-07,41.3,18.7,30.0,39.3,8.0,4.2,0,46.4,0.0,5.87,,1012.4,481.4,939.0,600.6,12.4,18.8,29.4,18.7,44.9,11.2,9.6,,,6.0,,0.19,,20.0,15.0,133.2,93.2,0,10.0,LOW,0,LOW,LOW,LOW,42.6,Very Dry,1,2,21,False,False,False,False,False
2026-01-08,41.9,22.6,32.5,31.4,11.3,5.1,0,62.4,0.0,6.2,,1010.0,468.3,947.0,580.87,12.2,19.5,31.9,22.6,47.0,13.0,9.6,,,5.8,,0.26,,22.2,17.2,137.3,97.3,0,10.8,LOW,0,LOW,LOW,LOW,42.9,Very Dry,0,0,24,False,False,False,False,False
2026-01-09,40.3,20.5,32.2,31.5,14.5,6.8,0,95.1,0.0,6.98,,1005.4,496.8,916.0,616.29,11.2,19.0,31.2,20.5,44.9,13.2,9.4,,,5.7,,0.36,,20.4,15.4,144.8,104.8,0,10.1,LOW,0,LOW,LOW,LOW,44.7,Very Dry,0,0,24,False,False,False,False,False
2026-01-10,33.1,19.8,28.9,28.7,9.7,4.2,0,75.4,0.0,5.28,,1004.0,396.4,1216.0,497.41,8.6,16.9,27.6,19.8,37.2,12.0,9.65,,,5.6,,0.47,,16.5,11.5,147.4,107.4,0,8.3,LOW,0,LOW,LOW,LOW,44.3,Very Dry,0,0,24,False,False,False,False,False
2026-01-11,30.9,15.8,23.3,40.2,12.9,3.6,0,48.1,0.0,5.16,,1010.6,491.1,911.0,605.7,8.0,14.5,22.2,15.8,34.7,8.8,9.45,,,5.7,,0.46,,13.4,8.4,144.9,104.9,0,7.2,LOW,0,LOW,LOW,LOW,44.9,Very Dry,5,2,17,False,False,False,False,False
2026-01-12,31.9,16.3,24.0,45.3,9.7,4.2,0,80.7,0.0,5.56,,1012.4,499.4,918.0,619.51,10.5,15.9,23.2,16.3,36.2,8.1,9.65,,,5.9,,0.33,,14.1,9.1,141.0,101.0,0,6.4,LOW,0,LOW,LOW,LOW,46.3,Very Dry,11,2,11,False,False,False,False,False
2026-01-13,35.6,17.6,27.0,45.5,6.4,2.7,0,33.3,0.0,5.36,,1006.8,498.3,956.0,618.08,12.8,18.1,26.5,17.6,40.0,8.9,9.6,,,5.9,,0.18,,16.6,11.6,141.1,101.1,0,6.4,LOW,0,LOW,LOW,LOW,46.1,Very Dry,5,0,19,False,False,False,False,False
2026-01-14,38.2,22.1,29.8,44.8,8.0,3.0,0,51.1,0.0,4.98,,1003.5,420.2,1013.0,518.18,15.2,20.3,29.8,22.1,44.6,9.5,9.65,,,5.9,,0.24,,20.2,15.2,143.4,103.4,0,7.1,LOW,0,LOW,LOW,LOW,45.4,Very Dry,8,3,13,False,False,False,False,False
2026-01-15,35.9,20.2,28.1,47.8,11.3,4.5,0,72.3,0.0,5.36,,1001.2,465.4,1051.0,567.27,14.2,19.3,27.9,20.2,39.5,8.8,9.55,,,6.0,,0.32,,18.0,13.0,141.4,101.4,0,7.9,LOW,0,LOW,LOW,LOW,44.9,Very Dry,4,4,16,False,False,False,False,False
2026-01-16,31.8,16.8,24.3,46.9,14.5,5.9,0,101.4,0.0,4.83,,1002.9,391.9,1092.0,483.39,11.5,16.5,23.7,16.8,37.4,7.8,9.25,,,6.1,,0.61,,14.3,9.3,133.5,93.5,0,8.8,LOW,0,LOW,LOW,LOW,43.5,Very Dry,7,4,13,False,False,False,False,False
2026-01-17,26.1,16.8,20.6,62.1,9.7,3.6,0,78.1,4.2,2.29,13.8,1008.9,196.6,998.0,238.18,12.9,15.9,20.4,16.8,31.3,4.7,7.9,,,6.6,,0.71,,11.5,6.5,124.6,84.6,6,11.0,LOW-MOD,2,LOW-MOD,LOW,LOW,34.6,Very Dry,20,0,4,True,False,False,False,False
2026-01-18,29.0,17.6,22.9,49.0,11.3,6.3,0,125.8,0.0,4.88,,1010.9,398.0,1118.0,485.14,11.3,15.8,22.3,17.6,34.3,7.1,6.7,,,6.7,,0.56,,13.3,8.3,121.4,81.4,0,11.2,LOW,0,LOW,LOW,LOW,34.2,Very Dry,12,9,3,False,False,False,False,False
2026-01-19,30.9,15.3,23.7,48.1,9.7,4.9,0,97.1,0.0,5.64,,1009.9,503.0,898.0,616.75,11.5,16.2,23.1,15.3,35.7,7.5,9.45,,,6.9,,0.35,,13.1,8.1,121.1,81.1,0,10.5,LOW,0,LOW,LOW,LOW,34.7,Very Dry,9,4,11,False,False,False,False,False
2026-01-20,31.3,18.7,23.4,54.7,12.9,3.9,1,73.9,0.8,4.27,2.4,1006.9,394.9,1107.0,478.49,13.2,17.0,23.2,18.7,37.1,6.4,9.25,,,7.0,,0.41,,15.0,10.0,122.0,82.0,1,10.0,LOW,0,LOW,LOW,LOW,32.6,Very Dry,15,2,7,True,False,False,False,False
2026-01-21,34.2,15.2,24.5,53.3,6.4,3.2,0,40.4,0.0,4.75,,1003.3,450.5,1071.0,549.18,12.6,17.1,24.0,15.2,39.3,7.4,9.2,,,7.2,,0.42,,14.7,9.7,120.1,80.1,0,9.7,LOW,0,LOW,LOW,LOW,32.0,Very Dry,4,2,18,False,False,False,False,False
2026-01-22,30.8,14.8,23.2,41.0,4.8,2.3,0,31.2,0.0,5.16,,1006.3,510.7,965.0,626.14,7.3,14.3,22.1,14.8,34.1,8.9,9.35,,,6.7,,0.15,,12.8,7.8,112.7,72.7,0,8.6,LOW,0,LOW,LOW,LOW,32.2,Very Dry,5,2,17,False,False,False,False,False
2026-01-23,32.3,15.5,23.5,40.0,8.0,3.8,0,68.5,0.0,5.51,,1011.9,508.7,909.0,620.07,8.0,14.5,22.4,15.5,36.0,9.0,9.4,,,6.5,,0.16,,13.9,8.9,108.6,68.6,0,6.9,LOW,0,LOW,LOW,LOW,32.3,Very Dry,10,3,11,False,False,False,False,False
2026-01-24,38.3,15.9,26.4,39.7,8.0,3.3,0,38.9,0.0,5.66,,1008.3,508.2,914.0,619.42,9.4,16.3,25.3,15.9,41.3,10.1,9.45,,,6.6,,0.16,,17.1,12.1,111.4,71.4,0,6.8,LOW,0,LOW,LOW,LOW,33.2,Very Dry,4,1,19,False,False,False,False,False
2026-01-25,43.8,15.7,30.5,30.4,8.0,3.4,0,40.9,0.0,5.82,,1004.5,480.2,958.0,585.3,7.8,17.0,28.9,15.7,46.9,13.5,9.4,,,6.2,,0.19,,19.8,14.8,119.7,79.7,0,6.5,LOW,0,LOW,LOW,LOW,40.9,Very Dry,0,0,24,False,False,False,False,False
2026-01-26,43.2,19.8,31.9,30.4,6.4,2.5,0,27.2,0.0,5.44,,1004.9,515.2,889.0,583.67,10.3,18.5,30.7,19.8,47.8,13.4,9.35,,,5.8,,0.26,,21.5,16.5,127.9,87.9,0,6.0,LOW,0,LOW,LOW,LOW,41.5,Very Dry,0,1,23,False,False,False,False,False
2026-01-27,40.7,19.4,28.9,39.4,6.4,3.2,0,48.1,0.0,5.51,,1006.8,521.4,900.0,601.88,11.9,18.3,28.2,19.4,44.9,10.6,9.35,,,6.5,,0.4,,20.1,15.1,134.9,94.9,0,5.6,LOW,0,LOW,LOW,LOW,41.3,Very Dry,8,1,15,False,False,False,False,False
2026-01-28,45.1,20.3,32.8,31.5,8.0,2.8,0,27.5,0.0,5.64,,1006.8,484.6,870.0,580.25,11.7,19.4,32.0,20.3,49.7,13.4,9.35,,,6.2,,0.34,,22.7,17.7,142.6,102.6,0,6.6,LOW,0,LOW,LOW,LOW,43.5,Very Dry,0,0,24,False,False,False,False,False
2026-01-29,41.8,26.8,33.3,31.7,9.7,3.3,0,55.5,0.0,5.21,,1010.7,486.0,879.0,540.13,13.3,20.4,32.7,26.8,47.1,12.9,9.4,,,6.1,,0.29,,24.3,19.3,152.2,112.2,0,7.9,LOW,0,LOW,LOW,LOW,44.0,Very Dry,0,4,20,False,False,False,False,False
2026-01-30,44.2,22.2,33.0,41.0,8.0,3.5,0,52.3,0.0,5.66,,1009.1,479.8,863.0,574.54,15.8,21.5,33.2,22.2,49.4,11.5,9.4,,,6.5,,0.34,,23.2,18.2,162.6,122.6,0,9.7,LOW,0,LOW,LOW,LOW,44.5,Very Dry,4,3,17,False,False,False,False,False
2026-01-31,44.6,25.4,35.6,31.3,6.4,2.7,0,27.1,0.0,5.54,,1002.9,489.1,912.0,561.16,14.6,21.7,35.5,25.4,50.3,13.9,9.35,,,6.3,,0.31,,25.0,20.0,173.7,133.7,0,11.4,LOW,0,LOW,LOW,LOW,44.5,Very Dry,0,1,23,False,False,False,False,False
2026-02-01,33.1,16.6,25.2,49.2,12.9,3.1,0,51.5,2.2,3.66,30.6,1005.4,337.6,1183.0,392.12,12.6,17.6,24.9,16.6,35.4,7.6,9.15,,,6.8,,0.41,,14.9,9.9,171.5,131.5,2,12.1,LOW,0,LOW,LOW,LOW,40.3,Very Dry,9,1,14,True,False,False,False,False
2026-02-02,28.9,12.2,20.1,30.3,12.9,5.4,0,110.6,0.0,5.87,,1017.9,517.6,923.0,619.8,0.8,10.6,18.6,11.4,31.9,9.5,9.1,,,6.1,,0.14,,10.5,5.5,162.2,122.2,0,8.3,LOW,1,LOW-MOD,LOW,LOW,40.3,Very Dry,8,4,12,False,False,False,False,False
2026-02-03,29.1,13.9,21.5,43.7,8.0,4.7,0,79.8,0.0,4.62,,1020.4,423.3,1063.0,515.99,8.1,13.8,20.5,13.9,33.7,7.7,7.5,,,6.1,,0.24,,11.5,6.5,152.2,112.2,0,7.0,LOW,0,LOW,LOW,LOW,39.5,Very Dry,10,2,12,False,False,False,False,False
2026-02-04,36.3,13.8,24.9,42.1,8.0,3.1,0,33.0,0.0,5.28,,1015.3,493.7,951.0,584.06,9.3,15.6,23.9,13.8,39.8,9.3,9.15,,,6.5,,0.17,,15.0,10.0,147.1,107.1,0,6.3,LOW,0,LOW,LOW,LOW,39.3,Very Dry,1,2,21,False,False,False,False,False
2026-02-05,39.3,16.7,28.0,28.3,8.0,3.5,0,32.6,0.0,5.59,,1013.4,487.1,993.0,576.27,5.1,15.2,26.2,16.7,42.1,12.8,8.2,,,6.5,,0.18,,18.0,13.0,142.4,102.4,0,4.5,LOW,0,LOW,LOW,LOW,39.2,Very Dry,0,0,24,False,False,False,False,False
2026-02-06,39.0,15.6,27.4,32.4,6.4,2.7,0,26.4,0.0,5.44,,1014.1,495.2,904.0,589.42,7.6,15.9,26.0,15.6,42.5,11.5,9.05,,,6.3,,0.17,,17.3,12.3,135.4,95.4,0,3.6,LOW,0,LOW,LOW,LOW,39.5,Very Dry,1,1,22,False,False,False,False,False
2026-02-07,36.4,14.1,25.6,40.3,11.3,4.1,0,54.4,0.4,4.09,2.4,1014.0,364.7,898.0,415.75,10.3,16.4,24.8,14.1,41.1,9.2,8.55,,,6.2,,0.47,,15.2,10.2,127.4,87.4,1,3.2,LOW,0,LOW,LOW,LOW,37.5,Very Dry,3,3,18,True,False,False,False,False
2026-02-08,22.7,19.7,21.1,88.2,9.7,3.6,0,43.0,7.8,0.63,18.4,1012.7,63.3,236.0,71.76,19.0,19.7,22.2,19.7,25.5,1.4,4.3,,,8.6,,0.78,,11.2,6.2,113.6,73.6,19,7.4,HIGH,0,LOW,MODERATE,LOW,24.8,Very Dry,5,0,19,True,False,True,False,False
2026-02-09,33.3,20.0,25.1,74.2,6.4,2.9,0,24.5,0.0,3.63,,1010.1,386.0,1018.0,445.65,19.6,21.3,26.4,20.0,40.8,3.8,9.0,,,8.2,,0.61,,16.6,11.6,115.3,75.3,0,12.4,LOW,0,LOW,LOW,LOW,26.9,Very Dry,2,6,16,False,False,False,False,False
2026-02-10,36.7,20.2,27.3,57.8,6.4,3.0,0,36.5,0.6,4.34,3.2,1011.0,430.4,1049.0,503.06,16.4,20.3,27.8,20.2,43.3,7.0,8.95,,,7.8,,0.39,,18.5,13.5,123.3,83.3,1,16.2,LOW,0,LOW,LOW,LOW,24.8,Very Dry,3,4,17,True,False,False,False,False
2026-02-11,37.8,15.5,27.0,52.9,9.7,3.8,0,50.3,0.4,3.63,9.4,1006.1,350.6,962.0,389.61,15.2,19.2,27.4,15.5,44.6,7.8,8.7,,,7.6,,0.42,,16.6,11.6,128.4,88.4,1,21.3,LOW-MOD,0,LOW,LOW,LOW,23.4,Very Dry,1,4,19,True,False,False,False,False
2026-02-12,28.2,16.4,22.8,53.1,6.4,2.7,0,37.4,4.0,4.65,4.4,1004.5,510.8,893.0,582.35,11.4,16.1,22.4,16.4,32.4,6.7,8.95,,,7.5,,0.42,,12.3,7.3,125.7,85.7,6,24.1,LOW-MOD,0,LOW,LOW-MOD,LOW,18.8,Dry,6,1,17,True,False,False,False,False
2026-02-13,30.1,14.6,22.1,51.5,8.0,3.9,0,61.6,0.0,4.78,,1012.1,479.9,891.0,557.43,10.7,15.2,21.4,14.6,34.7,6.9,8.85,,,7.1,,0.44,,12.4,7.4,120.1,80.1,0,25.1,LOW-MOD,0,LOW,LOW,LOW,18.0,Dry,10,2,12,False,False,False,False,False
2026-02-14,30.4,16.8,23.5,50.3,9.7,5.0,0,107.4,0.0,5.21,,1015.9,479.4,847.0,553.47,12.0,16.4,23.0,16.8,35.3,7.1,8.75,,,7.0,,0.55,,13.6,8.6,116.4,76.4,0,17.1,LOW,0,LOW,LOW,LOW,17.8,Dry,12,4,8,False,False,False,False,False
2026-02-15,31.4,17.4,24.4,48.3,8.0,4.1,1,87.6,0.0,4.95,,1015.1,471.8,847.0,541.27,11.9,16.8,23.8,17.4,36.1,7.6,8.8,,,7.1,,0.53,,14.4,9.4,115.6,75.6,0,12.0,LOW,0,LOW,LOW,LOW,19.0,Dry,13,3,8,False,False,False,False,False
2026-02-16,31.1,17.4,24.4,49.2,8.0,4.1,1,73.1,0.0,4.78,,1012.7,467.9,1060.0,540.18,12.2,16.9,23.8,17.4,35.8,7.5,8.75,,,7.2,,0.51,,14.2,9.2,118.6,78.6,0,9.9,LOW,0,LOW,LOW,LOW,31.0,Very Dry,10,2,12,False,False,False,False,False
2026-02-17,33.0,17.8,25.4,50.0,8.0,4.2,0,64.4,0.0,4.52,,1007.5,411.1,1123.0,471.59,13.4,17.8,25.0,17.8,38.9,7.6,8.65,,,7.2,,0.61,,15.4,10.4,117.4,77.4,0,9.1,LOW,0,LOW,LOW,LOW,31.9,Very Dry,9,1,14,False,False,False,False,False
2026-02-18,31.6,17.7,25.3,46.1,6.4,3.4,0,40.5,0.0,4.62,,1006.0,461.8,1100.0,529.79,11.5,17.1,24.8,17.7,35.4,8.2,8.3,,,6.9,,0.56,,14.6,9.6,113.5,73.5,0,8.9,LOW,0,LOW,LOW,LOW,32.7,Very Dry,3,1,20,False,False,False,False,False
2026-02-19,34.1,10.9,22.7,43.5,4.8,2.4,0,19.4,0.0,4.85,,1012.2,481.6,858.0,552.49,8.0,14.1,21.6,10.9,37.7,8.6,8.6,,,6.8,,0.56,,12.5,7.5,109.4,69.4,0,8.1,LOW,0,LOW,LOW,LOW,34.4,Very Dry,1,1,22,False,False,False,False,False
2026-02-20,37.0,16.2,26.4,46.6,8.0,3.9,0,42.0,0.0,4.88,,1010.8,467.1,846.0,532.49,12.3,17.6,25.9,16.2,41.7,8.8,8.65,,,7.0,,0.57,,16.6,11.6,113.7,73.7,0,8.4,LOW,0,LOW,LOW,LOW,38.6,Very Dry,2,2,20,False,False,False,False,False
2026-02-21,38.2,14.7,26.9,32.2,4.8,2.5,0,20.9,0.0,5.16,,1007.6,489.4,867.0,554.44,6.2,15.2,25.4,14.7,40.4,11.7,8.6,,,6.4,,0.55,,16.5,11.5,117.8,77.8,0,7.2,LOW,0,LOW,LOW,LOW,39.0,Very Dry,0,0,24,False,False,False,False,False
2026-02-22,27.9,20.8,23.6,77.0,9.7,3.2,0,27.2,8.2,1.04,48.2,1006.2,109.8,364.0,122.85,19.0,20.6,24.6,20.8,33.3,3.0,2.45,,,7.2,,0.77,,14.4,9.4,118.6,78.6,10,10.3,MODERATE,0,LOW,LOW,LOW,26.6,Very Dry,5,1,18,True,False,False,False,False
2026-02-23,36.4,19.8,27.1,66.5,8.0,3.0,0,32.9,0.2,4.04,,1007.6,440.2,1023.0,473.41,18.9,21.5,28.3,19.8,44.0,5.6,8.5,,,8.2,,0.55,,18.1,13.1,122.3,82.3,2,13.4,LOW,0,LOW,LOW,LOW,25.5,Very Dry,2,4,18,False,False,False,False,False
2026-02-24,35.8,20.9,28.8,53.7,8.0,3.5,0,47.3,0.0,3.99,,1010.3,375.1,1078.0,422.25,17.6,21.2,29.6,20.9,43.1,7.6,8.5,,,7.4,,0.53,,18.3,13.3,126.4,86.4,0,16.3,LOW,0,LOW,LOW,LOW,24.7,Very Dry,6,2,16,False,False,False,False,False
2026-02-25,36.3,23.6,28.6,59.5,8.0,2.4,0,24.1,0.6,3.1,4.2,1010.6,303.3,993.0,330.61,19.3,22.1,30.0,23.6,44.8,6.5,7.8,,,7.4,,0.56,,19.9,14.9,130.9,90.9,1,23.0,LOW-MOD,0,LOW,LOW,LOW,22.7,Very Dry,2,5,17,True,False,False,False,False
2026-02-26,31.6,21.3,25.6,60.6,9.7,5.0,1,99.8,0.0,3.89,,1013.7,335.8,984.0,373.2,17.0,19.8,26.0,21.3,38.5,5.8,8.4,,,7.6,,0.58,,16.5,11.5,132.8,92.8,0,26.4,LOW-MOD,0,LOW,LOW,LOW,22.0,Very Dry,12,7,5,False,False,False,False,False
2026-02-27,32.7,20.4,25.5,55.0,9.7,4.8,1,114.1,0.0,4.47,,1013.6,404.2,935.0,449.27,15.4,18.9,25.6,20.4,39.2,6.6,7.45,,,7.6,,0.6,,16.6,11.6,136.9,96.9,0,32.5,LOW-MOD,0,LOW,LOW,LOW,21.6,Dry,15,6,3,False,False,False,False,False
2026-02-28,32.4,20.0,25.6,55.9,11.3,4.9,1,110.2,0.0,4.14,,1013.1,379.5,888.0,416.29,15.6,19.1,25.9,20.0,39.0,6.5,7.7,,,7.6,,0.61,,16.2,11.2,136.5,96.5,0,27.3,LOW-MOD,0,LOW,LOW,LOW,20.8,Dry,15,6,3,False,False,False,False,False
2026-03-01,24.8,21.6,22.7,66.6,11.3,4.9,1,117.8,0.8,1.7,1.0,1011.4,116.4,383.0,124.4,16.1,18.4,23.0,21.6,28.6,4.3,1.9,,,8.1,,0.73,,13.2,8.2,133.2,93.2,3,24.6,LOW-MOD,0,LOW,LOW,LOW,16.6,Dry,24,0,0,True,False,False,False,False
2026-03-02,22.2,19.2,20.6,89.3,6.4,2.5,1,38.2,42.4,0.58,24.4,1008.1,67.4,186.0,70.55,18.7,19.4,21.6,19.2,23.5,1.2,1.1,,,9.7,,0.76,,10.7,5.7,129.5,89.5,21,29.9,HIGH,9,HIGH,MODERATE,LOW,-18.1,Waterlogged,4,0,20,True,False,True,False,False
2026-03-03,25.1,20.7,22.5,89.6,4.8,2.2,1,34.5,12.2,0.99,51.6,1007.8,124.1,522.0,133.48,20.6,21.2,23.8,20.7,31.8,1.3,2.45,,,10.4,,0.74,,12.9,7.9,124.3,84.3,21,35.4,HIGH,0,LOW,HIGH,HIGH,-33.1,Waterlogged,3,0,21,True,False,True,False,False
2026-03-04,28.7,21.9,24.2,84.9,8.0,3.4,0,34.7,4.0,2.59,65.0,1009.4,294.6,1058.0,323.16,21.4,22.2,25.8,21.9,39.2,2.0,7.15,,,9.5,,0.63,,15.3,10.3,121.3,81.3,7,42.9,MODERATE,0,LOW,LOW,LOW,-38.5,Waterlogged,6,1,17,True,False,False,False,False
2026-03-05,32.8,19.8,25.3,73.7,4.8,2.2,0,15.4,0.0,3.38,,1010.0,391.4,970.0,429.37,19.7,21.4,26.8,19.8,40.8,3.9,8.05,,,9.2,,0.55,,16.3,11.3,117.7,77.7,2,49.7,MODERATE,0,LOW,LOW,LOW,-37.7,Waterlogged,2,3,19,False,False,False,False,False
2026-03-06,34.8,15.3,24.7,59.7,6.4,2.6,0,18.9,0.0,4.29,,1010.4,459.6,800.0,504.17,14.8,18.3,24.7,15.3,40.7,6.4,8.0,,,8.4,,0.59,,15.0,10.0,116.2,76.2,0,50.4,MODERATE,0,LOW,LOW,LOW,-37.3,Waterlogged,1,3,20,False,False,False,False,False
2026-03-07,34.6,18.6,25.4,58.5,4.8,2.4,0,20.9,0.0,4.24,,1009.0,446.9,851.0,490.29,15.1,18.8,25.5,18.6,40.5,6.6,7.6,,,7.9,,0.6,,16.6,11.6,116.2,76.2,0,49.5,MODERATE,0,LOW,LOW,LOW,-37.5,Waterlogged,2,2,20,False,False,False,False,False
2026-03-08,30.4,17.3,23.7,63.7,9.7,5.4,1,84.0,0.0,4.37,,1010.3,447.3,865.0,487.52,15.7,18.5,23.9,17.3,36.6,5.2,7.9,,,7.8,,0.57,,13.9,8.9,113.9,73.9,0,42.5,MODERATE,0,LOW,LOW,LOW,-37.3,Waterlogged,9,6,9,False,False,False,False,False
2026-03-09,31.8,15.0,23.6,55.8,9.7,3.3,0,42.6,0.0,4.17,,1010.2,456.1,786.0,497.1,13.4,17.2,23.3,15.0,36.3,6.4,7.9,,,7.6,,0.54,,13.4,8.4,114.1,74.1,0,31.7,LOW-MOD,0,LOW,LOW,LOW,-34.0,Waterlogged,8,3,13,False,False,False,False,False
2026-03-10,32.7,16.3,23.8,60.9,4.8,2.3,0,20.1,0.0,4.01,,1009.8,446.0,833.0,486.07,14.8,18.0,23.8,16.3,37.8,5.8,7.9,,,7.8,,0.58,,14.5,9.5,117.9,77.9,0,24.2,LOW-MOD,0,LOW,LOW,LOW,11.8,Optimal,4,1,19,False,False,False,False,False
2026-03-11,34.3,15.7,25.0,53.2,14.5,5.4,0,76.4,0.0,4.32,,1005.5,386.5,1002.0,418.46,13.1,17.5,24.6,15.7,40.2,7.5,7.85,,,7.6,,0.57,,15.0,10.0,120.0,80.0,0,18.9,LOW,0,LOW,LOW,LOW,27.4,Very Dry,3,2,19,False,False,False,False,False
2026-03-12,25.7,11.9,18.9,54.4,6.4,2.2,1,27.0,0.0,3.81,,1009.2,460.3,805.0,495.05,8.8,13.1,18.2,11.9,30.4,5.8,7.75,,,7.6,,0.51,,8.8,3.8,113.5,73.5,0,15.2,LOW,0,LOW,LOW,LOW,32.6,Very Dry,5,4,15,False,False,False,False,False
2026-03-13,26.8,8.1,17.8,52.7,6.4,3.2,0,32.6,0.0,3.94,,1018.2,453.8,789.0,488.04,6.7,11.7,17.1,8.1,31.4,6.1,7.6,,,7.5,,0.6,,7.4,2.4,104.6,64.6,0,11.4,LOW,0,LOW,LOW,LOW,33.1,Very Dry,5,2,17,False,False,False,False,False
2026-03-14,28.1,13.5,19.9,50.6,8.0,3.0,0,43.6,0.0,3.56,,1024.2,389.2,974.0,418.56,8.6,13.5,19.1,13.5,31.9,6.4,6.25,,,7.1,,0.63,,10.8,5.8,100.4,60.4,0,8.6,LOW,0,LOW,LOW,LOW,32.4,Very Dry,9,2,13,False,False,False,False,False
2026-03-15,32.3,10.2,20.9,58.3,4.8,2.7,0,21.6,0.0,3.96,,1020.1,430.5,754.0,462.99,11.2,14.9,20.5,10.2,36.9,6.0,7.5,,,7.3,,0.6,,11.2,6.2,95.0,55.0,0,8.2,LOW,0,LOW,LOW,LOW,32.1,Very Dry,2,2,20,False,False,False,False,False
2026-03-16,31.2,15.6,21.2,71.1,9.7,3.5,1,20.1,0.6,1.5,1.6,1015.0,158.0,490.0,164.31,15.3,17.4,21.5,15.6,34.4,3.8,4.9,,,8.0,,0.73,,13.4,8.4,94.5,54.5,2,8.7,LOW,0,LOW,LOW,LOW,28.7,Very Dry,1,1,22,True,False,False,False,False
2026-03-17,25.0,18.8,21.3,83.0,3.2,1.8,1,2.5,1.4,1.19,0.8,1015.8,159.6,462.0,168.25,18.2,19.2,22.1,18.8,29.8,2.1,1.05,,,9.0,,0.69,,11.9,6.9,93.0,53.0,4,11.7,LOW-MOD,0,LOW,LOW,LOW,24.3,Very Dry,0,0,24,True,False,False,False,False
2026-03-18,27.8,18.4,23.3,71.5,8.0,3.3,1,24.3,0.0,1.73,,1017.3,199.0,745.0,208.33,17.6,19.5,24.0,18.4,32.6,3.8,6.3,,,8.9,,0.64,,13.1,8.1,91.6,51.6,0,16.4,LOW,0,LOW,LOW,LOW,22.0,Very Dry,7,0,17,False,False,False,False,False
2026-03-19,29.1,19.4,22.5,81.9,4.8,2.1,0,11.9,5.6,2.29,2.6,1015.8,292.3,909.0,303.91,19.0,20.1,23.6,19.4,37.2,2.4,7.2,,,8.7,,0.59,,14.2,9.2,90.8,50.8,8,26.1,MODERATE,0,LOW,LOW-MOD,LOW,14.4,Dry,4,1,19,True,False,False,False,False
2026-03-20,30.4,18.6,23.5,73.9,4.8,2.1,0,16.0,0.0,3.0,,1015.7,361.5,868.0,373.25,18.0,19.8,24.3,18.6,36.7,3.7,7.2,,,8.5,,0.54,,14.5,9.5,96.5,56.5,0,35.9,LOW-MOD,0,LOW,LOW,LOW,13.6,Dry,4,4,16,False,False,False,False,False
2026-03-21,31.1,18.7,23.8,58.9,6.4,2.2,0,18.5,0.0,3.63,,1016.5,413.5,733.0,432.87,14.0,17.7,23.6,18.7,35.4,6.1,7.1,,,8.1,,0.61,,14.9,9.9,104.0,64.0,0,38.3,LOW-MOD,0,LOW,LOW,LOW,13.3,Dry,2,1,21,False,False,False,False,False
2026-03-22,30.6,14.4,22.1,67.3,6.4,3.3,0,25.5,0.0,3.23,,1019.1,386.7,833.0,404.79,14.9,17.5,22.3,14.4,35.6,4.6,7.1,,,8.3,,0.62,,12.5,7.5,105.7,65.7,0,37.6,LOW-MOD,0,LOW,LOW,LOW,12.9,Dry,4,5,15,False,False,False,False,False
2026-03-23,31.1,15.2,22.7,65.1,6.4,2.6,0,23.5,0.0,3.58,,1018.6,424.5,759.0,441.31,14.8,17.6,22.7,15.2,36.8,5.1,7.05,,,8.2,,0.61,,13.1,8.1,107.6,67.6,0,32.6,LOW-MOD,0,LOW,LOW,LOW,12.5,Dry,3,3,18,False,False,False,False,False
2026-03-24,30.9,16.7,23.8,62.9,6.4,3.2,0,28.3,0.2,3.25,,1015.4,385.8,858.0,392.82,15.6,18.5,24.0,16.7,36.6,5.3,6.8,,,8.0,,0.64,,13.8,8.8,108.0,68.0,1,30.2,LOW-MOD,0,LOW,LOW,LOW,14.7,Dry,5,3,16,False,False,False,False,False
2026-03-25,32.1,17.5,23.3,69.7,4.8,2.1,0,14.8,2.6,2.95,24.2,1012.9,359.8,847.0,366.37,16.6,18.9,23.7,17.5,38.3,4.4,6.95,,,8.6,,0.61,,14.8,9.8,110.9,70.9,2,27.0,LOW-MOD,0,LOW,LOW,LOW,15.3,Dry,5,0,19,True,False,False,False,False
2026-03-26,20.6,11.3,16.9,85.4,4.8,2.9,0,27.2,34.6,0.66,213.4,1009.2,91.3,585.0,92.95,14.4,15.4,17.2,11.3,23.8,1.5,3.45,,,9.6,,0.7,,6.0,1.0,103.8,63.8,9,26.2,MODERATE,5,MODERATE,LOW,LOW,-20.4,Waterlogged,5,0,19,True,False,False,False,False
2026-03-27,20.1,8.2,12.4,79.7,6.4,2.3,0,31.2,20.0,1.45,9.4,1010.7,202.4,984.0,204.64,8.7,10.4,12.3,8.1,25.7,2.0,4.7,,,9.4,,0.71,,4.2,0,93.8,54.6,14,25.1,LOW-MOD,8,HIGH,LOW,LOW,-35.7,Waterlogged,4,0,20,True,False,True,False,False
2026-03-28,21.8,7.8,14.1,67.1,4.8,2.2,1,11.5,0.0,3.1,,1017.5,419.8,765.0,430.41,7.7,10.6,13.6,7.8,26.1,3.5,6.7,,,8.5,,0.61,,4.8,0,84.1,45.1,0,20.5,LOW-MOD,2,LOW-MOD,LOW,LOW,-35.5,Waterlogged,5,0,19,False,False,False,False,False
2026-03-29,24.9,7.7,15.6,72.1,4.8,2.2,0,14.3,0.0,3.12,,1020.6,418.5,719.0,429.13,9.8,12.2,15.4,7.7,29.4,3.4,6.7,,,8.5,,0.6,,6.3,1.3,75.5,36.5,0,18.6,LOW,3,LOW-MOD,LOW,LOW,-36.1,Waterlogged,5,1,18,False,False,False,False,False
2026-03-30,26.9,9.4,17.3,72.1,4.8,2.3,0,18.4,0.0,3.12,,1021.8,416.3,724.0,423.84,11.5,13.8,17.3,9.4,31.2,3.5,6.65,,,8.8,,0.64,,8.1,3.1,71.1,32.1,0,17.5,LOW,3,LOW-MOD,LOW,LOW,-36.2,Waterlogged,5,3,16,False,False,False,False,False
2026-03-31,28.8,10.1,18.9,68.6,6.4,3.3,0,28.0,0.2,3.25,,1020.8,406.1,700.0,413.48,12.0,14.7,18.8,10.1,33.0,4.2,6.6,,,8.7,,0.65,,9.4,4.4,67.4,28.4,1,15.3,LOW,3,LOW-MOD,LOW,LOW,-36.7,Waterlogged,4,3,17,False,False,False,False,False
2026-04-01,30.9,12.0,20.8,64.4,6.4,3.1,0,25.6,0.0,3.1,,1019.4,366.8,891.0,373.48,12.8,15.8,20.6,12.0,35.1,5.0,6.3,,,8.3,,0.67,,11.4,6.4,65.0,26.0,0,13.1,LOW,1,LOW-MOD,LOW,LOW,-36.7,Waterlogged,3,2,19,False,False,False,False,False
2026-04-02,31.9,16.7,22.8,61.1,6.4,2.7,0,17.7,0.0,3.23,,1019.8,383.6,724.0,379.55,13.9,17.2,22.6,16.7,36.4,5.6,6.5,,,8.3,,0.66,,14.3,9.3,64.5,25.5,0,13.7,LOW,0,LOW,LOW,LOW,-33.8,Waterlogged,1,1,22,False,False,False,False,False
2026-04-03,27.5,10.6,19.0,60.5,4.8,2.1,0,11.0,0.0,3.02,,1021.1,392.6,703.0,396.97,10.4,13.9,18.6,10.6,31.8,5.1,6.1,,,8.1,,0.65,,9.1,4.1,67.6,28.6,0,14.5,LOW,0,LOW,LOW,LOW,3.2,Optimal,1,3,20,False,False,False,False,False
2026-04-04,24.8,12.4,18.2,70.1,6.4,3.1,1,46.3,0.0,2.87,,1022.3,351.2,875.0,352.56,12.3,14.6,18.1,12.4,30.0,3.6,6.3,,,8.4,,0.68,,8.6,3.6,72.0,32.2,0,15.1,LOW,0,LOW,LOW,LOW,24.6,Very Dry,15,0,9,False,False,False,False,False
2026-04-05,24.1,12.9,,,,,,,0.0,4.01,,,,,,,,,,,,5.45,,,,,,,8.5,3.5,75.7,35.7,0,14.9,LOW,0,LOW,LOW,LOW,25.5,Very Dry,0,0,0,,False,False,False,False
2026-04-06,23.7,13.3,17.3,76.0,6.4,2.3,0,27.2,2.6,1.6,5.4,1016.3,235.3,807.0,227.74,12.9,14.7,17.3,13.3,28.7,2.6,5.1,,,8.5,,0.71,,8.5,3.5,77.9,37.9,4,15.8,LOW-MOD,2,LOW-MOD,LOW,LOW,21.4,Dry,8,0,16,True,False,False,False,False
2026-04-07,27.6,12.7,18.7,73.8,6.4,2.7,0,16.4,0.2,2.67,,1011.7,355.8,835.0,352.05,13.3,15.3,18.7,12.7,33.3,3.4,6.2,,,9.0,,0.66,,10.1,5.1,79.9,39.9,1,17.0,LOW,2,LOW-MOD,LOW,LOW,20.8,Dry,2,2,20,False,False,False,False,False
2026-04-08,25.9,12.3,17.9,69.8,4.8,2.3,0,16.6,0.0,2.77,,1014.9,384.0,687.0,374.42,11.7,14.2,17.8,12.3,30.3,3.7,5.9,,,8.8,,0.66,,9.1,4.1,79.6,39.6,0,16.5,LOW,1,LOW-MOD,LOW,LOW,20.5,Dry,6,0,18,False,False,False,False,False
2026-04-09,27.3,11.3,18.9,77.4,6.4,2.7,0,20.1,14.2,2.03,113.0,1013.9,264.3,782.0,253.96,14.4,16.1,19.2,11.3,33.2,2.8,5.85,,,9.2,,0.72,,9.3,4.3,77.5,37.5,8,21.0,MODERATE,3,LOW-MOD,LOW,LOW,5.2,Optimal,7,0,17,True,False,False,False,False
2026-04-10,21.4,13.7,17.8,83.0,4.8,2.3,1,19.3,3.8,1.12,8.4,1011.2,151.8,747.0,145.82,14.8,16.0,18.1,13.7,26.7,1.8,2.15,,,10.0,,0.75,,7.5,2.5,70.7,30.7,11,24.8,MODERATE,5,MODERATE,LOW,LOW,-0.7,Optimal,5,0,19,True,False,False,False,False
2026-04-11,17.5,8.1,13.1,69.2,8.0,2.8,1,29.8,0.0,2.49,,1011.9,366.0,849.0,359.56,7.2,10.0,12.6,8.1,21.7,3.1,5.85,,,8.7,,0.61,,2.8,0,64.4,26.6,3,20.2,LOW-MOD,2,LOW-MOD,LOW,LOW,-1.2,Optimal,8,0,16,False,False,False,False,False
2026-04-12,16.4,8.3,12.7,69.2,6.4,2.5,0,31.4,0.0,1.65,,1013.9,229.7,930.0,223.99,6.9,9.6,12.2,8.3,20.8,3.1,5.75,,,8.2,,0.66,,2.3,0,58.1,23.0,2,16.5,LOW,3,LOW-MOD,LOW,LOW,-2.5,Optimal,13,0,11,False,False,False,False,False
2026-04-13,19.6,8.9,13.5,77.5,3.2,1.7,0,7.4,0.0,1.7,,1020.0,240.4,884.0,234.46,9.4,11.2,13.3,8.9,25.0,2.3,5.75,,,8.6,,0.69,,4.2,0,53.8,19.5,1,15.0,LOW,1,LOW-MOD,LOW,LOW,-4.8,Wet,4,0,20,False,False,False,False,False
2026-04-14,23.5,5.9,14.0,77.2,3.2,2.1,0,10.3,0.0,2.46,,1021.0,364.8,679.0,355.75,9.5,11.4,13.9,5.9,28.6,2.6,5.75,,,9.1,,0.67,,4.7,0,50.0,16.0,1,14.8,LOW,2,LOW-MOD,LOW,LOW,-1.3,Optimal,3,0,21,False,False,False,False,False
2026-04-15,22.6,6.1,13.5,77.6,3.2,1.9,0,9.0,0.2,2.34,,1019.9,360.4,833.0,351.43,9.3,11.0,13.4,6.1,28.0,2.5,5.7,,,9.2,,0.65,,4.4,0,44.3,10.9,2,12.8,LOW,2,LOW-MOD,LOW,LOW,-1.6,Optimal,3,0,21,False,False,False,False,False
2026-04-16,22.7,5.4,13.5,76.7,4.8,2.0,1,12.2,0.0,2.18,,1017.7,320.7,656.0,308.12,9.0,10.9,13.4,5.4,27.8,2.6,5.6,,,9.0,,0.68,,4.1,0,39.3,6.8,0,10.4,LOW,2,LOW-MOD,LOW,LOW,-2.2,Optimal,6,0,18,False,False,False,False,False
2026-04-17,20.4,7.4,13.2,70.8,4.8,2.5,1,18.1,0.2,2.18,,1015.7,309.8,775.0,297.68,7.4,10.1,12.8,7.4,26.1,3.1,5.5,,,8.8,,0.67,,3.9,0,33.9,2.5,1,10.7,LOW,1,LOW-MOD,LOW,LOW,11.9,Optimal,8,0,16,False,False,False,False,False
2026-04-18,20.8,1.9,10.7,69.3,3.2,1.8,0,7.8,0.0,2.46,,1019.9,374.9,642.0,360.19,4.5,7.5,10.2,1.9,24.4,3.2,5.5,,,8.4,,0.65,,1.3,0,27.7,0.0,0,10.1,LOW,1,LOW-MOD,LOW,LOW,17.1,Dry,5,0,19,False,True,False,False,False
2026-04-19,22.3,0.9,9.9,69.9,3.2,2.1,0,10.1,0.0,2.31,,1021.5,343.9,640.0,330.4,3.7,6.7,9.4,0.9,25.6,3.2,5.0,,,8.3,,0.66,,1.6,0,26.5,0.0,0,8.2,LOW,2,LOW-MOD,LOW,LOW,16.9,Dry,4,1,19,False,True,False,False,False
2026-04-20,23.9,2.3,11.8,72.3,4.8,2.2,0,13.1,0.0,2.39,,1023.9,350.1,612.0,336.37,6.2,8.7,11.4,2.3,27.8,3.1,5.35,,,8.4,,0.65,,3.1,0,27.3,0.0,0,7.2,LOW,2,LOW-MOD,LOW,LOW,17.6,Dry,7,0,17,False,False,False,False,False
2026-04-21,24.4,5.6,13.6,71.3,4.8,2.4,1,15.4,0.0,2.44,,1026.1,350.4,606.0,334.19,7.8,10.3,13.4,5.6,28.2,3.3,5.25,,,8.3,,0.67,,5.0,0,28.1,0.0,1,6.6,LOW,1,LOW-MOD,LOW,LOW,18.4,Dry,5,2,17,False,False,False,False,False
2026-04-22,22.8,6.1,13.8,72.2,6.4,2.8,1,20.9,0.0,2.41,,1026.0,342.4,606.0,326.56,8.2,10.6,13.5,6.1,27.5,3.2,4.95,,,8.0,,0.64,,4.4,0,27.8,0.0,0,6.2,LOW,1,LOW-MOD,LOW,LOW,18.3,Dry,8,0,16,False,False,False,False,False
2026-04-23,22.4,6.6,13.4,73.1,6.4,3.3,0,27.2,0.0,2.44,,1028.2,351.9,608.0,333.1,8.1,10.4,13.1,6.6,26.7,3.0,5.15,,,8.8,,0.64,,4.5,0,27.9,0.0,0,6.5,LOW,1,LOW-MOD,LOW,LOW,18.6,Dry,7,1,16,False,False,False,False,False
2026-04-24,22.7,6.6,13.8,70.0,4.8,2.7,0,19.8,0.0,2.44,,1030.7,351.7,601.0,330.4,7.9,10.5,13.5,6.6,27.0,3.3,5.1,,,8.9,,0.67,,4.6,0,28.4,0.0,1,7.2,LOW,0,LOW,LOW,LOW,18.9,Dry,6,0,18,False,False,False,False,False
2026-04-25,24.7,5.1,13.8,72.4,3.2,2.2,0,13.9,0.0,2.41,,1028.2,341.6,589.0,320.9,8.2,10.6,13.6,5.1,29.3,3.2,5.0,,,8.6,,0.67,,4.9,0,29.4,0.0,0,8.4,LOW,1,LOW-MOD,LOW,LOW,19.3,Dry,7,0,17,False,False,False,False,False
2026-04-26,25.6,5.2,14.3,71.7,4.8,2.0,0,11.0,0.0,2.26,,1023.1,315.3,613.0,298.46,8.4,10.9,14.0,5.2,30.0,3.4,4.6,,,8.9,,0.69,,5.4,0.4,33.5,0.4,0,8.9,LOW,1,LOW-MOD,LOW,LOW,19.1,Dry,4,2,18,False,False,False,False,False
2026-04-27,26.9,5.9,14.6,69.3,4.8,2.1,0,11.5,0.0,2.41,,1023.1,328.1,577.0,308.16,8.0,10.8,14.3,5.9,30.6,3.8,4.65,,,8.9,,0.68,,6.4,1.4,38.3,1.8,0,8.9,LOW,1,LOW-MOD,LOW,LOW,19.2,Dry,4,1,19,False,False,False,False,False
2026-04-28,26.3,6.1,14.7,68.2,4.8,2.4,0,13.5,0.0,2.41,,1024.6,332.0,571.0,309.48,7.9,10.8,14.4,6.1,29.9,3.9,4.85,,,8.7,,0.67,,6.2,1.2,41.4,3.0,0,8.7,LOW,0,LOW,LOW,LOW,19.2,Dry,3,4,17,False,False,False,False,False
2026-04-29,25.8,6.9,14.9,68.1,6.4,2.8,0,16.5,0.0,2.41,,1026.8,317.4,563.0,300.44,8.0,11.0,14.6,6.9,30.1,3.9,4.8,,,9.1,,0.67,,6.4,1.4,42.8,4.4,0,8.5,LOW,0,LOW,LOW,LOW,19.2,Dry,2,1,21,False,False,False,False,False
2026-04-30,25.7,9.7,16.6,69.3,6.4,3.5,0,27.5,0.0,2.46,,1027.3,324.7,561.0,298.02,10.3,12.9,16.4,9.7,30.2,3.7,4.8,,,9.1,,0.67,,7.7,2.7,46.1,7.1,0,9.1,LOW,0,LOW,LOW,LOW,19.2,Dry,5,2,17,False,False,False,False,False
2026-05-01,25.8,8.9,15.9,69.7,6.4,3.2,1,21.6,0.0,2.13,,1025.4,284.5,587.0,261.15,9.6,12.2,15.7,8.9,30.2,3.7,4.65,,,8.9,,0.68,,7.4,2.4,49.0,9.5,0,9.4,LOW,0,LOW,LOW,LOW,18.9,Dry,4,2,18,False,False,False,False,False
2026-05-02,24.7,9.9,17.1,71.9,9.7,4.5,1,38.5,1.2,1.7,22.6,1020.3,210.9,536.0,195.04,11.4,13.7,17.0,9.9,29.8,3.4,3.85,,,9.0,,0.71,,7.3,2.3,51.7,11.8,2,10.2,LOW,2,LOW-MOD,LOW,LOW,17.0,Dry,9,0,15,True,False,False,False,False
2026-05-03,23.9,15.7,18.5,84.1,11.3,4.2,1,41.2,18.0,0.91,46.0,1015.8,116.1,559.0,99.88,15.6,16.6,18.9,15.7,27.6,1.9,1.25,,,10.0,,0.77,,9.8,4.8,56.6,16.6,16,13.8,HIGH,6,MODERATE,MODERATE,LOW,-2.5,Optimal,8,0,16,True,False,True,False,False
2026-05-04,20.1,9.2,14.3,82.2,6.4,2.5,1,19.3,7.2,1.6,62.0,1014.9,261.1,689.0,235.9,11.0,12.4,14.2,9.2,24.7,1.9,4.6,,,10.1,,0.71,,4.7,0,55.9,16.2,8,16.3,LOW,6,MODERATE,LOW,LOW,-10.4,Wet,4,0,20,True,False,False,False,False
2026-05-05,17.8,7.0,11.9,83.8,4.8,2.2,1,12.6,0.2,1.32,,1020.0,227.1,761.0,206.85,9.1,10.3,11.8,7.0,22.8,1.6,4.45,,,10.0,,0.7,,2.4,0,51.9,14.8,2,18.3,LOW,6,MODERATE,LOW,LOW,-11.7,Wet,6,0,18,False,False,False,False,False
2026-05-06,17.4,6.0,10.6,85.3,4.8,2.0,1,8.3,0.2,1.19,,1020.5,225.6,698.0,200.6,8.1,9.2,10.5,6.0,22.4,1.4,4.5,,,9.6,,0.72,,1.7,0,47.4,13.6,5,18.9,LOW,7,MODERATE,LOW,LOW,-13.1,Waterlogged,3,0,21,False,False,False,False,False
2026-05-07,12.6,6.8,9.9,73.1,6.4,2.8,0,46.5,0.4,1.55,0.8,1020.1,236.9,775.0,215.7,5.2,7.5,9.6,6.8,16.5,2.4,4.3,,,9.2,,0.71,,0,0,41.0,12.2,4,16.9,LOW,4,MODERATE,LOW,LOW,-14.3,Waterlogged,12,0,12,True,False,False,False,False
2026-05-08,17.3,8.3,11.3,80.0,6.4,2.4,0,29.4,0.0,0.81,,1022.1,105.1,364.0,94.93,7.9,9.4,11.1,8.3,20.9,1.9,2.4,,,9.0,,0.77,,2.8,0,36.1,9.5,4,15.9,LOW,4,MODERATE,LOW,LOW,-16.0,Waterlogged,9,0,15,False,False,False,False,False
2026-05-09,19.7,3.5,10.6,81.1,3.2,2.2,1,10.2,0.0,1.83,,1025.0,307.5,533.0,279.99,7.2,8.8,10.5,3.5,22.9,1.8,4.3,,,9.4,,0.68,,1.6,0,30.3,7.1,0,12.3,LOW,6,MODERATE,LOW,LOW,-16.3,Waterlogged,5,0,19,False,False,False,False,False
2026-05-10,22.8,3.8,11.6,80.1,4.8,2.2,1,10.6,0.2,1.88,,1028.2,306.1,527.0,278.78,7.9,9.5,11.5,3.8,26.2,2.1,4.25,,,9.5,,0.68,,3.3,0,26.3,4.8,1,11.1,LOW,5,MODERATE,LOW,LOW,-15.1,Waterlogged,6,0,18,False,False,False,False,False
2026-05-11,22.0,6.8,13.8,79.4,8.0,4.9,1,40.2,0.0,2.06,,1031.5,303.7,519.0,274.39,10.0,11.5,13.7,6.8,26.4,2.3,4.25,,,9.5,,0.68,,4.4,0,20.9,0.0,1,11.1,LOW,2,LOW-MOD,LOW,LOW,4.0,Optimal,8,0,16,False,False,False,False,False
2026-05-12,21.8,7.9,14.1,76.4,9.7,5.5,1,42.6,0.0,2.16,,1032.9,302.8,517.0,273.6,9.6,11.5,14.0,7.9,26.0,2.6,4.2,,,9.4,,0.67,,4.9,0,21.1,0.0,0,10.9,LOW,2,LOW-MOD,LOW,LOW,11.8,Optimal,8,0,16,False,False,False,False,False
2026-05-13,20.8,5.4,13.4,75.8,11.3,4.6,1,43.3,0.2,1.91,,1032.4,284.3,650.0,254.85,8.9,10.9,13.2,5.4,25.6,2.5,4.15,,,9.2,,0.68,,3.1,0,21.8,0.0,3,12.4,LOW,2,LOW-MOD,LOW,LOW,12.4,Dry,8,0,16,False,False,False,False,False
2026-05-14,21.8,8.9,14.4,74.0,11.3,5.4,1,48.4,0.0,2.18,,1030.1,302.8,513.0,271.42,9.4,11.6,14.2,8.9,26.3,2.8,4.1,,,9.0,,0.67,,5.4,0.4,25.5,0.4,1,12.6,LOW,1,LOW-MOD,LOW,LOW,13.6,Dry,9,0,15,False,False,False,False,False
2026-05-15,22.4,7.2,13.7,78.5,9.7,4.8,1,36.5,0.0,1.96,,1026.6,301.2,605.0,263.52,9.7,11.4,13.6,7.2,27.9,2.3,4.05,,,8.9,,0.68,,4.8,0,30.3,0.4,0,13.2,LOW,1,LOW-MOD,LOW,LOW,14.4,Dry,7,0,17,False,False,False,False,False
2026-05-16,22.6,8.8,14.5,78.8,8.0,5.4,1,43.0,0.0,1.83,,1022.0,270.1,545.0,238.26,10.5,12.1,14.4,8.8,27.2,2.4,3.45,,,9.3,,0.69,,5.7,0.7,33.2,1.1,1,14.1,LOW,1,LOW-MOD,LOW,LOW,15.4,Dry,8,0,16,False,False,False,False,False
2026-05-17,18.2,8.8,14.0,87.2,1.6,1.6,1,1.3,1.0,0.53,2.2,1019.5,90.5,429.0,78.5,11.8,12.7,14.1,8.8,20.9,1.3,1.65,,,9.8,,0.76,,3.5,0,35.1,1.1,6,15.7,LOW,5,MODERATE,LOW,LOW,13.1,Dry,0,0,24,True,False,False,False,False
2026-05-18,17.0,13.9,15.1,91.4,4.8,2.2,1,11.0,11.4,0.46,2.0,1015.9,83.7,230.0,69.62,13.7,14.3,15.3,13.9,19.3,0.8,0.7,,,10.4,,0.79,,5.4,0.4,37.2,1.5,21,19.4,HIGH,8,HIGH,LOW,LOW,0.5,Optimal,0,0,24,True,False,True,False,False
2026-05-19,17.1,10.9,14.4,89.4,4.8,2.0,1,11.0,4.8,0.58,1.6,1012.1,97.8,406.0,84.84,12.7,13.4,14.5,10.9,21.6,1.0,3.55,,,10.6,,0.75,,4.0,0,36.8,1.5,17,23.3,LOW-MOD,7,MODERATE,LOW,LOW,-5.8,Wet,1,0,23,True,False,False,False,False
2026-05-20,17.1,7.3,11.3,82.5,3.2,1.9,0,11.0,0.2,1.52,,1020.9,280.2,524.0,247.1,8.3,9.6,11.2,7.3,22.0,1.7,3.9,,,10.5,,0.63,,2.2,0,34.1,1.5,5,23.8,LOW-MOD,5,MODERATE,LOW,LOW,-6.6,Wet,5,0,19,False,False,False,False,False
2026-05-21,17.7,3.9,9.3,83.5,4.8,2.0,1,9.3,0.2,1.5,,1028.0,286.2,499.0,252.37,6.3,7.7,9.1,3.9,21.4,1.6,3.9,,,10.1,,0.66,,0.8,0,31.8,1.5,2,22.6,LOW-MOD,6,MODERATE,LOW,LOW,-7.0,Wet,3,0,21,False,False,False,False,False
2026-05-22,18.4,1.6,9.9,82.7,6.4,3.5,1,24.5,0.2,1.65,,1027.7,291.6,496.0,255.05,6.8,8.2,9.7,1.6,22.6,1.7,3.9,,,9.5,,0.67,,0,0,26.4,1.1,2,21.0,LOW-MOD,6,MODERATE,LOW,LOW,-7.8,Wet,7,0,17,False,True,False,False,False
2026-05-23,19.3,5.1,12.4,79.0,11.3,5.4,1,34.1,0.0,1.75,,1025.9,275.8,606.0,235.34,8.6,10.2,12.2,5.1,24.3,2.2,3.75,,,9.7,,0.66,,2.2,0,23.8,1.1,0,18.3,LOW,4,MODERATE,LOW,LOW,-8.0,Wet,6,0,18,False,False,False,False,False
2026-05-24,19.1,10.4,14.6,83.7,4.8,2.1,1,8.0,0.0,0.76,,1022.7,115.3,559.0,100.84,11.8,12.9,14.6,10.4,23.2,1.7,2.6,,,9.9,,0.71,,4.8,0,22.9,0.4,1,16.4,LOW,2,LOW-MOD,LOW,LOW,-9.0,Wet,4,0,20,False,False,False,False,False
2026-05-25,21.9,7.2,13.5,82.7,4.8,2.6,1,13.8,0.2,1.52,,1019.8,248.7,570.0,219.33,10.4,11.7,13.6,7.2,26.2,1.8,3.45,,,10.3,,0.67,,4.5,0,23.9,0.4,1,14.7,LOW,4,MODERATE,LOW,LOW,-7.3,Wet,5,0,19,False,False,False,False,False
2026-05-26,16.7,9.2,13.3,89.6,6.4,2.8,1,10.1,2.8,0.33,3.6,1017.3,57.1,171.0,45.02,11.5,12.3,13.4,9.2,18.0,1.0,1.65,,,10.8,,0.8,,2.9,0,21.4,0.0,6,17.0,LOW,5,MODERATE,LOW,LOW,1.2,Optimal,3,0,21,True,False,False,False,False
2026-05-27,19.1,11.5,14.7,89.0,4.8,2.5,1,11.1,0.2,0.89,,1017.5,154.8,635.0,129.84,12.9,13.6,14.9,11.5,24.7,1.1,3.15,,,10.3,,0.73,,5.3,0.3,22.7,0.3,4,20.9,LOW-MOD,5,MODERATE,LOW,LOW,6.1,Optimal,3,0,21,False,False,False,False,False
2026-05-28,21.7,9.5,14.2,85.2,1.6,1.6,1,2.5,0.0,1.07,,1012.7,175.7,527.0,149.91,11.6,12.7,14.3,9.5,26.4,1.5,2.15,,,10.4,,0.71,,5.6,0.6,26.1,0.9,2,24.0,LOW-MOD,4,MODERATE,LOW,LOW,5.9,Optimal,2,0,22,False,False,False,False,False
2026-05-29,12.2,8.9,10.9,90.7,4.8,2.0,0,10.1,0.2,0.41,,1009.1,78.5,207.0,64.71,9.4,10.1,11.0,8.9,13.9,0.8,3.65,,,10.9,,0.78,,0.6,0,25.9,0.9,9,26.3,LOW-MOD,6,MODERATE,LOW,LOW,4.8,Optimal,0,0,24,False,False,False,False,False
2026-05-30,15.2,7.8,10.7,89.9,4.8,2.0,1,8.2,5.8,0.51,45.2,1008.9,98.4,504.0,82.58,9.1,9.8,10.8,7.8,19.3,0.9,2.75,,,10.3,,0.73,,1.5,0,27.4,0.9,10,25.7,LOW-MOD,7,MODERATE,LOW,LOW,-2.0,Optimal,0,0,24,True,False,False,False,False
2026-05-31,14.5,8.3,10.5,87.8,4.8,2.4,1,13.9,0.6,0.97,,1011.8,184.1,629.0,157.05,8.4,9.4,10.5,8.3,19.0,1.1,3.3,,,10.4,,0.67,,1.4,0,26.6,0.9,5,25.3,LOW-MOD,7,MODERATE,LOW,LOW,-3.3,Wet,4,0,20,True,False,False,False,False
2026-06-01,14.6,7.1,10.9,81.8,6.4,2.6,1,28.8,3.0,1.04,7.6,1012.9,186.2,652.0,157.56,7.7,9.2,10.7,7.1,19.1,1.7,3.55,,,9.7,,0.7,,0.8,0,22.6,0.9,7,21.8,LOW-MOD,5,MODERATE,LOW,LOW,-6.1,Wet,9,0,15,True,False,False,False,False
2026-06-02,16.0,9.5,12.0,89.6,9.7,3.2,0,64.2,26.4,0.63,63.6,1001.3,116.5,696.0,91.89,10.3,11.1,12.1,9.3,20.7,0.9,3.0,,,10.4,,0.75,,2.8,0,20.9,0.9,22,20.5,LOW-MOD,10,HIGH,LOW,LOW,-33.1,Waterlogged,3,0,21,True,False,True,False,False
2026-06-03,13.6,10.0,11.8,87.1,11.3,3.6,0,81.1,4.8,1.02,25.0,1002.9,167.9,584.0,142.09,9.7,10.6,11.8,10.0,18.4,1.2,2.45,,,10.5,,0.62,,1.8,0,19.8,0.9,23,19.7,LOW,6,MODERATE,LOW,LOW,-34.5,Waterlogged,2,0,22,True,False,False,False,False
2026-06-04,14.6,9.2,10.9,82.3,8.0,2.7,0,51.1,0.8,1.5,,1004.2,278.0,684.0,233.22,7.9,9.3,10.8,9.2,20.2,1.6,2.45,,,9.9,,0.52,,1.9,0,16.4,0.6,16,17.8,LOW,6,MODERATE,LOW,LOW,-34.4,Waterlogged,7,0,17,True,False,False,False,False
2026-06-05,15.4,6.0,10.4,84.1,4.8,2.1,0,21.3,0.6,1.3,,1015.6,238.8,591.0,200.34,7.7,9.0,10.4,6.0,20.7,1.4,2.95,,,10.0,,0.67,,0.7,0,11.5,0.0,9,16.5,LOW,5,MODERATE,LOW,LOW,-34.8,Waterlogged,7,0,17,True,False,False,False,False
2026-06-06,14.8,4.7,9.8,85.5,3.2,2.0,1,6.2,0.0,0.84,,1027.1,179.1,603.0,148.96,7.4,8.5,9.7,4.7,19.9,1.3,3.4,,,10.1,,0.72,,0,0,10.9,0.0,0,15.7,LOW,6,MODERATE,LOW,LOW,-34.2,Waterlogged,6,0,18,False,False,False,False,False
2026-06-07,14.4,3.6,7.9,88.9,4.8,2.6,1,14.6,0.2,1.12,,1030.9,241.6,476.0,206.13,6.1,7.0,7.9,3.6,18.4,0.9,3.4,,,10.1,,0.68,,0,0,9.4,0.0,5,15.8,LOW,7,MODERATE,LOW,LOW,-28.0,Waterlogged,2,0,22,False,False,False,False,False
2026-06-08,16.3,0.9,7.8,85.7,8.0,4.4,1,30.8,0.2,1.45,,1030.7,265.6,459.0,228.5,5.4,6.5,7.7,0.9,20.3,1.3,3.4,,,9.7,,0.57,,0,0,8.0,0.0,3,0.0,LOW,6,MODERATE,LOW,LOW,-27.1,Waterlogged,6,0,18,False,True,False,False,False
2026-06-09,18.8,4.4,11.6,85.2,12.9,5.0,1,41.0,1.4,1.24,2.4,1026.9,208.1,601.0,176.1,9.0,10.1,11.6,4.4,23.8,1.5,3.4,,,9.4,,0.57,,1.6,0,8.8,0.0,5,0.0,LOW,7,MODERATE,LOW,LOW,-25.3,Waterlogged,9,0,15,True,False,False,False,False
2026-06-10,15.8,11.3,14.0,92.2,6.4,2.9,0,11.9,10.4,0.3,57.8,1025.0,59.4,186.0,48.59,12.7,13.2,14.1,11.3,18.0,0.8,2.7,,,10.1,,0.77,,3.6,0,9.6,0.0,12,16.1,LOW,9,HIGH,LOW,LOW,-9.6,Wet,0,0,24,True,False,True,False,False
2026-06-11,19.7,7.1,14.5,86.4,4.8,2.6,1,13.0,0.2,1.24,,1030.3,220.9,555.0,180.58,12.1,13.1,14.6,7.1,24.7,1.4,3.3,,,10.4,,0.7,,3.4,0,11.2,0.0,2,18.5,LOW,5,MODERATE,LOW,LOW,-4.8,Wet,5,0,19,False,False,False,False,False
2026-06-12,19.6,5.1,10.7,85.7,4.8,2.9,0,14.8,0.2,1.4,,1031.2,255.7,466.0,220.03,8.3,9.4,10.7,5.1,23.2,1.3,3.3,,,10.3,,0.66,,2.4,0,11.7,0.0,2,18.9,LOW,5,MODERATE,LOW,LOW,-4.3,Wet,6,0,18,False,False,False,False,False
2026-06-13,16.7,5.8,11.8,90.9,4.8,2.0,1,5.1,0.2,0.41,,1026.7,88.7,243.0,75.04,10.3,11.0,11.9,5.8,17.8,0.8,2.3,,,10.2,,0.77,,1.2,0,12.2,0.0,7,21.4,LOW-MOD,6,MODERATE,LOW,LOW,-4.8,Wet,0,0,24,False,False,False,False,False
2026-06-14,18.7,7.8,13.6,89.1,4.8,2.2,1,7.6,0.6,0.81,,1027.2,153.4,561.0,127.56,11.8,12.6,13.7,7.8,24.1,1.0,2.7,,,10.7,,0.72,,3.2,0,15.4,0.0,5,25.7,LOW-MOD,6,MODERATE,LOW,LOW,-5.4,Wet,3,0,21,True,False,False,False,False
2026-06-15,17.2,7.3,11.6,87.1,8.0,4.0,1,28.4,0.2,0.91,,1030.1,156.7,452.0,133.68,9.4,10.4,11.6,7.3,21.8,1.2,2.5,,,10.4,,0.69,,2.2,0,17.6,0.0,2,26.3,LOW-MOD,6,MODERATE,LOW,LOW,-5.6,Wet,7,0,17,False,False,False,False,False
2026-06-16,20.6,6.4,12.8,86.0,6.4,2.9,1,20.0,0.2,1.4,,1028.2,256.5,445.0,215.16,10.4,11.4,12.9,6.4,25.4,1.4,3.2,,,10.2,,0.59,,3.5,0,21.1,0.0,2,23.8,LOW-MOD,5,MODERATE,LOW,LOW,-5.7,Wet,7,0,17,False,False,False,False,False
2026-06-17,19.4,12.1,14.9,87.5,4.8,2.6,1,14.8,0.0,0.81,,1025.1,140.7,425.0,113.01,12.7,13.6,15.0,12.1,24.1,1.3,2.75,,,10.4,,0.7,,5.8,0.8,25.3,0.8,1,24.3,LOW-MOD,4,MODERATE,LOW,LOW,-4.7,Wet,5,0,19,False,False,False,False,False
2026-06-18,18.8,11.1,14.9,85.5,8.0,3.9,1,57.8,1.8,0.81,4.8,1015.9,132.8,563.0,106.64,12.4,13.4,14.9,11.1,23.5,1.5,2.65,,,10.6,,0.71,,4.9,0,26.6,0.8,8,26.9,LOW-MOD,5,MODERATE,LOW,LOW,4.4,Optimal,7,0,17,True,False,False,False,False
2026-06-19,14.8,11.7,13.4,86.6,8.0,3.1,0,68.1,5.6,0.51,30.0,1011.4,82.9,299.0,67.74,11.2,12.2,13.4,11.4,16.7,1.2,2.5,,,10.9,,0.77,,3.2,0,26.4,0.8,18,26.6,LOW-MOD,5,MODERATE,LOW,LOW,-1.7,Optimal,6,0,18,True,False,False,False,False
2026-06-20,13.1,9.4,11.3,89.4,4.8,2.7,0,40.4,0.8,0.53,6.6,1020.6,103.7,696.0,87.71,9.6,10.3,11.3,9.4,18.4,1.0,2.85,,,10.7,,0.67,,1.2,0,25.2,0.8,17,25.3,LOW-MOD,8,HIGH,LOW,LOW,-3.2,Wet,0,0,24,True,False,True,False,False
2026-06-21,13.2,9.6,10.9,89.4,3.2,1.9,0,4.0,0.2,0.53,,1027.6,107.9,408.0,88.17,9.2,10.0,11.0,9.6,17.3,0.9,1.5,,,10.7,,0.65,,1.4,0,25.4,0.8,5,25.5,LOW-MOD,7,MODERATE,LOW,LOW,-3.1,Wet,0,0,24,False,False,False,False,False
2026-06-22,13.9,4.1,9.7,89.1,3.2,1.7,0,3.1,0.2,0.56,,1027.8,117.4,471.0,95.95,8.0,8.8,9.8,4.1,18.7,0.9,3.35,,,10.5,,0.72,,0,0,22.2,0.8,2,24.5,LOW-MOD,6,MODERATE,LOW,LOW,-2.9,Optimal,2,0,22,False,False,False,False,False
2026-06-23,12.3,2.9,7.5,90.9,4.8,1.8,0,9.4,0.2,0.51,,1028.8,113.5,587.0,95.18,6.0,6.8,7.5,2.9,16.2,0.7,3.15,,,10.3,,0.68,,0,0,20.0,0.8,7,21.2,LOW-MOD,7,MODERATE,LOW,LOW,-3.3,Wet,1,0,23,False,False,False,False,False
2026-06-24,12.1,6.6,8.1,90.1,3.2,1.7,0,7.0,0.0,0.43,,1031.9,101.0,429.0,82.59,6.6,7.4,8.2,6.6,16.4,0.7,3.3,,,10.1,,0.68,,0,0,16.5,0.8,9,18.8,LOW,7,MODERATE,LOW,LOW,-4.1,Wet,0,0,24,False,False,False,False,False
2026-06-25,17.4,3.8,9.1,84.7,4.8,2.2,0,17.6,0.0,1.22,,1033.4,251.7,448.0,212.95,6.5,7.7,9.0,3.8,20.0,1.4,3.3,,,10.0,,0.6,,0.6,0,11.3,0.0,9,0.0,LOW,6,MODERATE,LOW,LOW,-3.7,Wet,4,0,20,False,False,False,False,False
2026-06-26,15.8,1.3,7.3,84.7,8.0,3.9,0,26.2,0.2,1.35,,1031.2,257.3,561.0,219.53,4.8,6.0,7.2,1.3,19.5,1.3,2.5,,,9.7,,0.4,,0,0,6.4,0.0,2,0.0,LOW,5,MODERATE,LOW,LOW,-1.6,Optimal,6,0,18,False,True,False,False,False
2026-06-27,15.5,1.2,7.2,83.5,6.4,4.2,0,28.8,0.2,1.4,,1029.7,262.7,448.0,222.29,4.4,5.8,7.0,1.2,19.5,1.4,3.35,,,9.5,,0.19,,0,0,3.2,0.0,2,0.0,LOW,4,MODERATE,LOW,LOW,4.7,Optimal,7,0,17,False,True,False,False,False
2026-06-28,16.7,3.0,10.1,82.2,12.9,5.7,0,68.4,0.0,1.32,,1028.9,201.0,529.0,168.61,7.0,8.4,9.9,3.0,22.4,1.7,2.85,,,9.7,,0.37,,0,0,2.0,0.0,1,0.0,LOW,2,LOW-MOD,LOW,LOW,6.3,Optimal,11,0,13,False,False,False,False,False
2026-06-29,13.9,11.4,12.5,83.6,8.0,3.4,0,62.2,5.4,0.58,23.6,1024.4,69.8,149.0,58.05,9.8,11.0,12.4,11.4,15.3,1.5,1.95,,,9.2,,0.68,,2.7,0,3.3,0.0,13,0.0,LOW,4,MODERATE,LOW,LOW,1.2,Optimal,10,0,14,True,False,False,False,False
2026-06-30,15.8,12.4,13.6,87.3,14.5,5.0,0,92.5,13.4,0.53,23.2,1016.0,45.5,243.0,39.84,11.5,12.4,13.6,12.4,18.4,1.2,1.15,,,9.0,,0.77,,4.1,0,7.4,0.0,14,0.0,LOW,6,MODERATE,LOW,LOW,-12.1,Waterlogged,8,0,16,True,False,False,False,False,86.5,216250,0,True
2026-07-01,15.2,11.8,13.5,92.0,11.3,4.7,0,57.7,34.0,0.36,75.2,1012.3,74.6,330.0,59.36,12.2,12.7,13.6,11.8,18.1,0.8,2.2,,,10.3,,0.77,,3.5,0,10.9,0.0,16,15.6,LOW,7,MODERATE,LOW,LOW,-46.0,Waterlogged,0,0,24,True,False,False,False,False,,,,False
2026-07-02,15.8,6.2,12.2,80.7,12.9,5.9,0,99.8,0.4,1.4,,1011.8,178.4,673.0,153.52,8.9,10.3,12.0,6.2,21.6,1.9,3.3,,,9.8,,0.63,,1.0,0,11.9,0.0,6,16.9,LOW,4,MODERATE,LOW,LOW,-45.4,Waterlogged,12,0,12,True,False,False,False,False,,,,False
2026-07-03,13.2,8.5,10.8,85.3,9.7,3.5,0,63.6,11.4,0.99,81.8,1018.8,174.6,671.0,147.74,8.4,9.5,10.8,8.3,18.1,1.3,3.05,,,9.4,,0.58,,0.8,0,12.1,0.0,15,19.0,LOW,6,MODERATE,LOW,LOW,-57.1,Waterlogged,6,0,18,True,False,False,False,False,,,,False
2026-07-04,13.4,4.6,10.1,83.1,3.2,1.9,0,11.9,0.6,0.99,,1028.5,172.3,668.0,142.09,7.2,8.6,10.0,4.6,18.8,1.5,3.4,,,9.1,,0.61,,0,0,12.1,0.0,4,19.2,LOW,5,MODERATE,LOW,LOW,-57.8,Waterlogged,5,0,19,True,False,False,False,False,,,,False
2026-07-05,13.8,0.4,6.1,83.3,6.4,3.6,1,23.7,0.2,1.37,,1033.6,268.2,464.0,230.79,3.2,4.7,5.9,0.4,17.4,1.4,3.4,,,8.5,,0.26,,0,0,12.1,0.0,3,16.2,LOW,6,MODERATE,LOW,LOW,-57.9,Waterlogged,5,0,19,False,True,False,False,False,,,,False
2026-07-06,15.3,-0.4,6.0,82.0,4.8,2.2,1,10.9,0.2,1.35,,1036.8,268.8,462.0,231.28,2.8,4.4,5.7,-0.4,18.6,1.6,3.45,,,8.7,,0.04,,0,0,12.1,0.0,1,0.0,LOW,6,MODERATE,LOW,LOW,-58.0,Waterlogged,5,0,19,False,True,False,False,False,,,,False
2026-07-07,16.8,-0.4,6.0,84.2,3.2,1.8,1,5.9,0.0,1.32,,1035.4,265.9,489.0,230.7,3.4,4.7,5.9,-0.4,21.5,1.3,3.35,,,8.8,,0.24,,0,0,9.4,0.0,2,0.0,LOW,6,MODERATE,LOW,LOW,-51.9,Waterlogged,4,0,20,False,True,False,False,False,,,,False
